latitude_decimal_degree,longitude_decimal_degree,ellipsoidal_height_m,decimal_hour,day_of_year,year,rcvr_clk_ns
18.45965369722222,-69.91669730277776,-16.0606,13.133333,242,2026,-390123.641
18.45965241388889,-69.91668655277779,-13.4089,13.141667,242,2026,-389906.650
18.45965155833333,-69.91668295833334,-12.8081,13.150000,242,2026,-389883.700
18.459651655555554,-69.91668275555556,-12.386,13.158333,242,2026,-389955.593
18.459651452777777,-69.91668282777778,-12.2108,13.166667,242,2026,-390029.802
18.45965068333333,-69.91668400555558,-11.889,13.175000,242,2026,-390091.489
18.45965023888888,-69.91668363055555,-11.7,13.183333,242,2026,-390159.090
18.459649961111108,-69.9166843138889,-11.552,13.191667,242,2026,-390224.893
18.459649533333334,-69.91668559444444,-11.629,13.200000,242,2026,-390295.244
18.45964920833333,-69.91668658055558,-11.5599,13.208333,242,2026,-390354.797
18.45964942222222,-69.91668699444445,-11.5875,13.216667,242,2026,-390405.120
18.459649552777773,-69.91668773333333,-11.5624,13.225000,242,2026,-390485.259
18.459649561111114,-69.91668773888891,-11.562,13.233333,242,2026,-390512.471
18.45964961666667,-69.9166873138889,-11.5515,13.241667,242,2026,-390584.431
18.45964954166666,-69.91668685000002,-11.543,13.250000,242,2026,-390626.659
18.459649544444442,-69.91668682222223,-11.5365,13.258333,242,2026,-390705.099
18.459649538888886,-69.91668691111113,-11.54,13.266667,242,2026,-390773.078
18.459649499999998,-69.91668708333334,-11.5449,13.275000,242,2026,-390831.608
18.459649447222223,-69.91668739166666,-11.5539,13.283333,242,2026,-390902.016
18.459649349999996,-69.91668764444445,-11.5739,13.291667,242,2026,-390971.652
18.459649302777777,-69.91668755,-11.5835,13.300000,242,2026,-391051.843
18.459649274999997,-69.91668745833334,-11.6129,13.308333,242,2026,-391104.201
18.45964928611111,-69.91668752777777,-11.627,13.316667,242,2026,-391142.514
18.459649269444444,-69.91668740833335,-11.6323,13.325000,242,2026,-391217.151
18.459649274999997,-69.91668754722222,-11.6381,13.333333,242,2026,-391273.439
18.459649261111103,-69.91668772777778,-11.6587,13.341667,242,2026,-391357.750
18.45964927777778,-69.91668771666667,-11.6712,13.350000,242,2026,-391416.089
18.459649311111107,-69.91668759166667,-11.6826,13.358333,242,2026,-391461.411
18.45964928333333,-69.91668766388888,-11.6835,13.366667,242,2026,-391526.438
18.459649266666666,-69.91668768055555,-11.6855,13.375000,242,2026,-391587.264
18.45964929166666,-69.9166876888889,-11.6815,13.383333,242,2026,-391660.593
18.459649316666663,-69.91668761944445,-11.6727,13.391667,242,2026,-391704.078
18.459649336111113,-69.91668755,-11.6684,13.400000,242,2026,-391792.866
18.459649336111113,-69.91668751666667,-11.672,13.408333,242,2026,-391820.437
18.459649324999997,-69.91668753888891,-11.6789,13.416667,242,2026,-391874.652
18.45964932777777,-69.91668750277778,-11.6882,13.425000,242,2026,-391954.739
18.45964933333333,-69.91668753611111,-11.6912,13.433333,242,2026,-391975.915
18.45964933333333,-69.91668763055556,-11.6959,13.441667,242,2026,-392020.717
18.45964932777777,-69.91668771944445,-11.6994,13.450000,242,2026,-392091.058
18.459649330555553,-69.91668783333336,-11.704,13.458333,242,2026,-392168.607
18.459649336111113,-69.91668791111111,-11.7101,13.466667,242,2026,-392208.612
18.459649330555553,-69.91668802777778,-11.7143,13.475000,242,2026,-392263.512
18.459649338888887,-69.91668809444445,-11.7121,13.483333,242,2026,-392345.229
18.459649336111113,-69.91668808055556,-11.7083,13.491667,242,2026,-392402.240
18.45964934722222,-69.91668810555558,-11.7036,13.500000,242,2026,-392473.331
18.459649369444445,-69.91668808333334,-11.6973,13.508333,242,2026,-392525.189
18.459649380555554,-69.91668808611112,-11.6939,13.516667,242,2026,-392562.568
18.459649394444444,-69.9166881027778,-11.6887,13.525000,242,2026,-392619.407
18.459649394444444,-69.91668813055556,-11.6881,13.533333,242,2026,-392689.165
18.459649397222222,-69.9166881138889,-11.6881,13.541667,242,2026,-392727.135
18.459649394444444,-69.91668810000002,-11.6861,13.550000,242,2026,-392751.028
18.459649394444444,-69.9166881277778,-11.6847,13.558333,242,2026,-392794.904
18.45964938611111,-69.91668814166667,-11.6796,13.566667,242,2026,-392855.936
18.45964938611111,-69.91668814444445,-11.6759,13.575000,242,2026,-392938.351
18.459649380555554,-69.91668818611113,-11.6747,13.583333,242,2026,-392986.238
18.459649374999994,-69.91668817222224,-11.6731,13.591667,242,2026,-393004.452
18.45964937222222,-69.916688175,-11.6727,13.600000,242,2026,-393049.804
18.459649366666667,-69.91668815277777,-11.6728,13.608333,242,2026,-393119.969
18.459649369444445,-69.9166881277778,-11.673,13.616667,242,2026,-393201.384
18.45964936111111,-69.91668813055556,-11.6735,13.625000,242,2026,-393255.513
18.45964935833333,-69.91668810555558,-11.6744,13.633333,242,2026,-393296.664
18.459649352777777,-69.91668807500001,-11.6745,13.641667,242,2026,-393352.301
18.45964934722222,-69.91668804166667,-11.6773,13.650000,242,2026,-393412.975
18.459649349999996,-69.91668801111112,-11.6804,13.658333,242,2026,-393487.675
18.459649352777777,-69.91668799444444,-11.6806,13.666667,242,2026,-393575.396
18.459649352777777,-69.91668797222223,-11.6792,13.675000,242,2026,-393595.165
18.459649355555555,-69.91668794722223,-11.6778,13.683333,242,2026,-393613.466
18.45964936111111,-69.91668793333332,-11.6765,13.691667,242,2026,-393629.623
18.459649366666667,-69.91668793611113,-11.6767,13.700000,242,2026,-393662.317
18.459649369444445,-69.91668793055554,-11.6744,13.708333,242,2026,-393707.534
18.459649369444445,-69.91668792777779,-11.6713,13.716667,242,2026,-393775.053
18.459649369444445,-69.9166879138889,-11.6678,13.725000,242,2026,-393813.274
18.45964937222222,-69.91668788055556,-11.6643,13.733333,242,2026,-393824.905
18.459649377777772,-69.91668787777779,-11.6576,13.741667,242,2026,-393830.954
18.459649380555554,-69.91668786666669,-11.6512,13.750000,242,2026,-393857.699
18.459649388888888,-69.91668785833333,-11.6453,13.758333,242,2026,-393893.477
18.459649394444444,-69.91668786666669,-11.6406,13.766667,242,2026,-393937.247
18.459649402777778,-69.91668785555557,-11.6355,13.775000,242,2026,-393983.781
18.45964940833333,-69.91668786111111,-11.6304,13.783333,242,2026,-394037.015
18.459649413888886,-69.91668787500001,-11.6263,13.791667,242,2026,-394105.714
18.45964941666666,-69.91668789166667,-11.6242,13.800000,242,2026,-394181.012
18.45964942222222,-69.91668790555556,-11.6205,13.808333,242,2026,-394263.675
18.459649427777777,-69.91668792777779,-11.6171,13.816667,242,2026,-394352.902
18.459649430555555,-69.91668793611113,-11.615,13.825000,242,2026,-394442.310
18.459649427777777,-69.91668796111112,-11.614,13.833333,242,2026,-394506.959
18.459649427777777,-69.91668798055557,-11.6135,13.841667,242,2026,-394536.034
18.459649425,-69.91668799444444,-11.6135,13.850000,242,2026,-394581.754
18.459649425,-69.91668799166668,-11.6139,13.858333,242,2026,-394631.891
18.45964942222222,-69.91668799166668,-11.6146,13.866667,242,2026,-394701.722
18.459649419444442,-69.91668798611111,-11.6128,13.875000,242,2026,-394773.444
18.459649413888886,-69.916687975,-11.6132,13.883333,242,2026,-394860.402
18.45964940833333,-69.91668796388892,-11.6137,13.891667,242,2026,-394947.717
18.459649405555556,-69.91668795555556,-11.6127,13.900000,242,2026,-395017.066
18.459649405555556,-69.91668795277778,-11.6129,13.908333,242,2026,-395023.516
18.459649402777778,-69.91668793333332,-11.6143,13.916667,242,2026,-395039.535
18.459649402777778,-69.91668791666669,-11.6146,13.925000,242,2026,-395062.825
18.459649402777778,-69.91668790555556,-11.6152,13.933333,242,2026,-395094.953
18.4596494,-69.91668788333332,-11.6149,13.941667,242,2026,-395130.567
18.459649402777778,-69.91668787222224,-11.6154,13.950000,242,2026,-395180.869
18.459649402777778,-69.91668785277778,-11.6168,13.958333,242,2026,-395246.786
18.459649405555556,-69.9166878388889,-11.6174,13.966667,242,2026,-395329.427
18.45964940833333,-69.91668783055559,-11.6176,13.975000,242,2026,-395418.434
18.459649405555556,-69.91668780555557,-11.6189,13.983333,242,2026,-395493.714
18.459649402777778,-69.91668779166667,-11.6194,13.991667,242,2026,-395536.064
18.459649405555556,-69.91668776666667,-11.619,14.000000,242,2026,-395584.214
18.459649402777778,-69.91668775277778,-11.6171,14.008333,242,2026,-395648.404
18.459649405555556,-69.91668775277778,-11.6154,14.016667,242,2026,-395710.280
18.459649405555556,-69.91668773055557,-11.615,14.025000,242,2026,-395776.807
18.459649405555556,-69.91668770833334,-11.6143,14.033333,242,2026,-395853.633
18.45964940833333,-69.91668768611112,-11.6142,14.041667,242,2026,-395942.145
18.45964940833333,-69.91668766944444,-11.6133,14.050000,242,2026,-396026.160
18.459649413888886,-69.91668766666666,-11.6131,14.058333,242,2026,-396086.300
18.459649413888886,-69.91668765277778,-11.6128,14.066667,242,2026,-396105.205
18.459649413888886,-69.91668763055556,-11.6121,14.075000,242,2026,-396137.969
18.459649413888886,-69.9166876138889,-11.612,14.083333,242,2026,-396180.034
18.459649413888886,-69.91668758611111,-11.6114,14.091667,242,2026,-396226.473
18.45964941666666,-69.91668756388893,-11.6101,14.100000,242,2026,-396281.104
18.459649413888886,-69.91668753333333,-11.6096,14.108333,242,2026,-396341.867
18.459649413888886,-69.91668750833335,-11.6076,14.116667,242,2026,-396415.581
18.45964941666666,-69.91668748055557,-11.6059,14.125000,242,2026,-396504.293
18.45964941666666,-69.91668745277778,-11.605,14.133333,242,2026,-396592.568
18.459649413888886,-69.91668742777782,-11.6037,14.141667,242,2026,-396621.937
18.459649413888886,-69.91668741111113,-11.6021,14.150000,242,2026,-396644.769
18.459649413888886,-69.91668738611112,-11.6008,14.158333,242,2026,-396676.881
18.45964941666666,-69.9166873638889,-11.5996,14.166667,242,2026,-396730.905
18.45964942222222,-69.91668734722222,-11.5978,14.175000,242,2026,-396781.801
18.45964942222222,-69.9166873388889,-11.5957,14.183333,242,2026,-396836.427
18.459649425,-69.91668732777778,-11.594,14.191667,242,2026,-396899.132
18.45964942222222,-69.9166873027778,-11.5931,14.200000,242,2026,-396971.186
18.45964942222222,-69.91668728611111,-11.5919,14.208333,242,2026,-397041.889
18.459649425,-69.91668727500002,-11.591,14.216667,242,2026,-397115.492
18.459649425,-69.91668725555554,-11.5902,14.225000,242,2026,-397196.876
18.459649427777777,-69.91668725000001,-11.5898,14.233333,242,2026,-397284.867
18.459649430555555,-69.91668725277778,-11.5894,14.241667,242,2026,-397352.189
18.459649430555555,-69.91668724722223,-11.5887,14.250000,242,2026,-397394.510
18.459649430555555,-69.91668724166668,-11.5884,14.258333,242,2026,-397446.911
18.459649430555555,-69.91668723888891,-11.5882,14.266667,242,2026,-397511.893
18.459649430555555,-69.91668723055557,-11.5875,14.275000,242,2026,-397575.094
18.459649427777777,-69.91668721944446,-11.5863,14.283333,242,2026,-397637.634
18.459649427777777,-69.91668721111112,-11.5854,14.291667,242,2026,-397697.555
18.459649427777777,-69.91668720000001,-11.5841,14.300000,242,2026,-397764.655
18.459649427777777,-69.91668719444445,-11.5826,14.308333,242,2026,-397796.506
18.459649427777777,-69.9166871888889,-11.5818,14.316667,242,2026,-397818.648
18.459649427777777,-69.9166871888889,-11.5812,14.325000,242,2026,-397808.103
18.459649427777777,-69.91668719166667,-11.5799,14.333333,242,2026,-397826.877
18.459649430555555,-69.91668718333334,-11.5792,14.341667,242,2026,-397848.871
18.459649430555555,-69.91668717500002,-11.5778,14.350000,242,2026,-397865.490
18.459649430555555,-69.91668716666668,-11.5764,14.358333,242,2026,-397880.669
18.459649430555555,-69.91668715833333,-11.5757,14.366667,242,2026,-397894.724
18.45964943611111,-69.91668715555558,-11.5742,14.375000,242,2026,-397902.285
18.45964943888889,-69.91668715,-11.5729,14.383333,242,2026,-397882.128
18.45964943888889,-69.91668714166669,-11.5726,14.391667,242,2026,-397872.252
18.45964943888889,-69.91668713611114,-11.5719,14.400000,242,2026,-397867.703
18.45964943888889,-69.91668713611114,-11.5715,14.408333,242,2026,-397855.731
18.45964943888889,-69.91668713333334,-11.5715,14.416667,242,2026,-397802.127
18.45964943888889,-69.91668713611114,-11.5712,14.425000,242,2026,-397764.133
18.459649441666663,-69.91668713888889,-11.571,14.433333,242,2026,-397697.285
18.459649441666663,-69.91668714444445,-11.5709,14.441667,242,2026,-397626.709
18.459649441666663,-69.91668714444445,-11.5703,14.450000,242,2026,-397574.307
18.459649441666663,-69.91668713888889,-11.5697,14.458333,242,2026,-397502.138
18.459649441666663,-69.91668713611114,-11.5696,14.466667,242,2026,-397458.800
18.459649441666663,-69.91668713333334,-11.5691,14.475000,242,2026,-397366.915
18.45964943888889,-69.91668713611114,-11.5688,14.483333,242,2026,-397320.758
18.45964943888889,-69.91668714166669,-11.5685,14.491667,242,2026,-397257.517
18.45964943888889,-69.91668713888889,-11.5681,14.500000,242,2026,-397182.557
18.459649441666663,-69.91668713333334,-11.5678,14.508333,242,2026,-397107.550
18.459649444444445,-69.91668713333334,-11.5676,14.516667,242,2026,-397034.674
18.459649447222223,-69.916687125,-11.5669,14.525000,242,2026,-396969.688
18.459649447222223,-69.916687125,-11.5661,14.533333,242,2026,-396904.825
18.45964945,-69.916687125,-11.5659,14.541667,242,2026,-396841.146
18.45964945,-69.91668711944445,-11.5651,14.550000,242,2026,-396784.642
18.459649447222223,-69.91668711944445,-11.5645,14.558333,242,2026,-396728.090
18.459649447222223,-69.91668712222221,-11.5638,14.566667,242,2026,-396670.239
18.459649447222223,-69.91668712222221,-11.5633,14.575000,242,2026,-396623.585
18.459649447222223,-69.916687125,-11.5627,14.583333,242,2026,-396588.060
18.459649447222223,-69.916687125,-11.5622,14.591667,242,2026,-396556.111
18.459649447222223,-69.91668711944445,-11.562,14.600000,242,2026,-396532.360
18.459649447222223,-69.91668710277779,-11.5615,14.608333,242,2026,-396513.386
18.459649447222223,-69.91668709722222,-11.5611,14.616667,242,2026,-396505.367
18.459649447222223,-69.91668708888889,-11.5608,14.625000,242,2026,-396494.116
18.459649444444445,-69.9166870777778,-11.561,14.633333,242,2026,-396497.991
18.459649444444445,-69.91668706944448,-11.5609,14.641667,242,2026,-396491.030
18.459649444444445,-69.91668706111112,-11.5605,14.650000,242,2026,-396493.523
18.459649444444445,-69.91668705555556,-11.5601,14.658333,242,2026,-396502.344
18.459649444444445,-69.91668705277779,-11.5601,14.666667,242,2026,-396522.785
18.459649441666663,-69.91668705000001,-11.5602,14.675000,242,2026,-396538.149
18.459649441666663,-69.91668704722223,-11.5602,14.683333,242,2026,-396554.879
18.45964943888889,-69.9166870361111,-11.56,14.691667,242,2026,-396574.396
18.45964943888889,-69.91668702777778,-11.5599,14.700000,242,2026,-396609.253
18.45964943611111,-69.91668701666667,-11.5597,14.708333,242,2026,-396651.429
18.459649433333333,-69.91668700555556,-11.5593,14.716667,242,2026,-396701.931
18.459649433333333,-69.91668699722223,-11.5595,14.725000,242,2026,-396764.033
18.459649433333333,-69.91668699166667,-11.5595,14.733333,242,2026,-396828.757
18.459649433333333,-69.91668698333335,-11.5596,14.741667,242,2026,-396900.253
18.459649433333333,-69.9166869777778,-11.5594,14.750000,242,2026,-396980.332
18.459649433333333,-69.91668696944446,-11.5591,14.758333,242,2026,-397066.519
18.459649430555555,-69.91668695555556,-11.5585,14.766667,242,2026,-397157.914
18.459649430555555,-69.91668694444446,-11.5578,14.775000,242,2026,-397179.959
18.459649430555555,-69.91668693055556,-11.5575,14.783333,242,2026,-397191.769
18.459649427777777,-69.91668691944444,-11.5571,14.791667,242,2026,-397205.982
18.459649425,-69.91668691111113,-11.5569,14.800000,242,2026,-397231.157
18.459649425,-69.91668689444445,-11.5567,14.808333,242,2026,-397264.723
18.459649425,-69.91668688333334,-11.5566,14.816667,242,2026,-397301.598
18.459649425,-69.91668686944445,-11.5566,14.825000,242,2026,-397344.873
18.459649425,-69.91668685555555,-11.5567,14.833333,242,2026,-397379.747
18.459649425,-69.91668684166669,-11.5575,14.841667,242,2026,-397418.139
18.459649425,-69.91668683611111,-11.5584,14.850000,242,2026,-397462.108
18.459649425,-69.916686825,-11.5592,14.858333,242,2026,-397519.552
18.459649425,-69.91668681388887,-11.5601,14.866667,242,2026,-397574.988
18.459649425,-69.91668680277779,-11.5607,14.875000,242,2026,-397618.940
18.45964942222222,-69.91668679722223,-11.5611,14.883333,242,2026,-397664.088
18.45964942222222,-69.91668679166668,-11.5615,14.891667,242,2026,-397712.703
18.459649419444442,-69.91668678611111,-11.5621,14.900000,242,2026,-397748.155
18.459649419444442,-69.9166867777778,-11.5627,14.908333,242,2026,-397791.467
18.459649413888886,-69.91668677222222,-11.5633,14.916667,242,2026,-397840.411
18.459649411111112,-69.91668676944444,-11.5646,14.925000,242,2026,-397887.654
18.45964940833333,-69.91668676388888,-11.5656,14.933333,242,2026,-397941.517
18.459649405555556,-69.91668676111112,-11.5662,14.941667,242,2026,-397988.451
18.4596494,-69.91668675277778,-11.5663,14.950000,242,2026,-398033.641
18.459649397222222,-69.91668674722224,-11.5671,14.958333,242,2026,-398087.321
18.459649394444444,-69.91668674444446,-11.5678,14.966667,242,2026,-398146.955
18.459649394444444,-69.91668674166667,-11.5682,14.975000,242,2026,-398216.394
18.459649391666662,-69.91668674444446,-11.5688,14.983333,242,2026,-398303.226
18.459649391666662,-69.91668674444446,-11.5693,14.991667,242,2026,-398390.633
18.459649391666662,-69.91668674166667,-11.57,15.000000,242,2026,-398443.750
18.459649388888888,-69.91668674166667,-11.5711,15.008333,242,2026,-398456.402
18.459649388888888,-69.91668673888891,-11.5723,15.016667,242,2026,-398465.819
18.459649388888888,-69.91668674166667,-11.5732,15.025000,242,2026,-398475.752
18.45964938611111,-69.91668674166667,-11.5741,15.033333,242,2026,-398488.302
18.45964938611111,-69.91668674166667,-11.5746,15.041667,242,2026,-398500.018
18.45964938333333,-69.91668674166667,-11.5752,15.050000,242,2026,-398522.860
18.45964938333333,-69.91668674166667,-11.576,15.058333,242,2026,-398545.981
18.459649377777772,-69.91668674166667,-11.5766,15.066667,242,2026,-398569.111
18.459649377777772,-69.91668674722224,-11.5771,15.075000,242,2026,-398586.736
18.459649374999994,-69.91668675277778,-11.5776,15.083333,242,2026,-398615.596
18.45964937222222,-69.91668675555556,-11.5782,15.091667,242,2026,-398640.987
18.459649366666667,-69.91668675833334,-11.5782,15.100000,242,2026,-398669.534
18.45964936388889,-69.91668675833334,-11.5785,15.108333,242,2026,-398690.927
18.45964936111111,-69.91668675833334,-11.579,15.116667,242,2026,-398709.513
18.45964936111111,-69.91668676111112,-11.5792,15.125000,242,2026,-398725.558
18.45964935833333,-69.91668676111112,-11.5797,15.133333,242,2026,-398748.065
18.459649355555555,-69.91668676111112,-11.5803,15.141667,242,2026,-398768.325
18.459649355555555,-69.91668676111112,-11.581,15.150000,242,2026,-398790.033
18.459649355555555,-69.91668676388888,-11.5816,15.158333,242,2026,-398818.985
18.459649352777777,-69.91668676388888,-11.582,15.166667,242,2026,-398852.174
18.459649349999996,-69.91668676388888,-11.5824,15.175000,242,2026,-398888.607
18.45964934722222,-69.91668676388888,-11.5829,15.183333,242,2026,-398921.868
18.45964934444444,-69.91668676388888,-11.5835,15.191667,242,2026,-398960.648
18.459649341666662,-69.91668676666666,-11.584,15.200000,242,2026,-398994.301
18.459649341666662,-69.916686775,-11.5845,15.208333,242,2026,-399032.703
18.459649341666662,-69.91668678333335,-11.5849,15.216667,242,2026,-399074.385
18.459649341666662,-69.91668679166668,-11.5851,15.225000,242,2026,-399114.259
18.459649341666662,-69.91668680000001,-11.5852,15.233333,242,2026,-399157.621
18.459649338888887,-69.91668680555556,-11.5855,15.241667,242,2026,-399203.145
18.459649338888887,-69.91668680833335,-11.5856,15.250000,242,2026,-399246.419
18.459649338888887,-69.91668681388887,-11.5855,15.258333,242,2026,-399280.800
18.459649338888887,-69.91668681944445,-11.5855,15.266667,242,2026,-399318.402
18.459649338888887,-69.91668681944445,-11.5854,15.275000,242,2026,-399355.919
18.459649338888887,-69.91668682222223,-11.5851,15.283333,242,2026,-399398.264
18.459649338888887,-69.91668682222223,-11.5847,15.291667,242,2026,-399436.587
18.459649341666662,-69.916686825,-11.5844,15.300000,242,2026,-399474.846
18.459649341666662,-69.91668682222223,-11.5845,15.308333,242,2026,-399514.929
18.459649341666662,-69.91668681666667,-11.5847,15.316667,242,2026,-399551.038
18.459649341666662,-69.91668681666667,-11.5848,15.325000,242,2026,-399584.772
18.459649341666662,-69.91668681388887,-11.5848,15.333333,242,2026,-399628.554
18.459649341666662,-69.91668680833335,-11.5847,15.341667,242,2026,-399681.274
18.459649341666662,-69.91668680555556,-11.5844,15.350000,242,2026,-399743.569
18.45964934444444,-69.91668680555556,-11.5843,15.358333,242,2026,-399803.311
18.45964934444444,-69.91668680555556,-11.5842,15.366667,242,2026,-399868.848
18.45964934722222,-69.91668681111113,-11.5842,15.375000,242,2026,-399938.631
18.45964934722222,-69.91668681388887,-11.5844,15.383333,242,2026,-400007.395
18.45964934722222,-69.91668681666667,-11.5846,15.391667,242,2026,-400097.104
18.459649349999996,-69.91668682222223,-11.5847,15.400000,242,2026,-400186.943
18.459649349999996,-69.916686825,-11.5848,15.408333,242,2026,-400243.708
18.459649349999996,-69.91668682777778,-11.5852,15.416667,242,2026,-400278.482
18.459649349999996,-69.91668683055556,-11.5855,15.425000,242,2026,-400307.804
18.459649349999996,-69.91668683611111,-11.5857,15.433333,242,2026,-400347.125
18.459649349999996,-69.91668684166669,-11.5858,15.441667,242,2026,-400391.983
18.459649349999996,-69.91668684444446,-11.5859,15.450000,242,2026,-400441.509
18.459649349999996,-69.91668685000002,-11.586,15.458333,242,2026,-400490.626
18.459649349999996,-69.91668685277779,-11.5862,15.466667,242,2026,-400528.611
18.459649352777777,-69.91668685833334,-11.5863,15.475000,242,2026,-400572.701
18.459649352777777,-69.91668686111112,-11.5864,15.483333,242,2026,-400623.628
18.459649352777777,-69.91668685833334,-11.5866,15.491667,242,2026,-400663.629
18.459649352777777,-69.91668685833334,-11.5868,15.500000,242,2026,-400707.181
18.459649352777777,-69.91668685555555,-11.5871,15.508333,242,2026,-400750.356
18.459649352777777,-69.91668685277779,-11.5874,15.516667,242,2026,-400789.357
18.459649352777777,-69.91668685000002,-11.5876,15.525000,242,2026,-400834.281
18.459649352777777,-69.91668685000002,-11.5878,15.533333,242,2026,-400873.895
18.459649352777777,-69.91668684722224,-11.5878,15.541667,242,2026,-400924.852
18.459649352777777,-69.91668684444446,-11.5879,15.550000,242,2026,-400978.527
18.459649352777777,-69.91668684444446,-11.588,15.558333,242,2026,-401037.372
18.459649355555555,-69.91668684722224,-11.5881,15.566667,242,2026,-401100.236
18.459649355555555,-69.91668684722224,-11.5884,15.575000,242,2026,-401155.991
18.459649355555555,-69.91668684444446,-11.5887,15.583333,242,2026,-401204.249
18.45964935833333,-69.91668684444446,-11.5888,15.591667,242,2026,-401260.616
18.45964935833333,-69.91668684166669,-11.5887,15.600000,242,2026,-401322.780
18.45964936111111,-69.91668684166669,-11.5887,15.608333,242,2026,-401378.509
18.45964936111111,-69.9166868388889,-11.5888,15.616667,242,2026,-401438.229
18.45964936111111,-69.9166868388889,-11.5889,15.625000,242,2026,-401502.100
18.45964936111111,-69.91668683333334,-11.589,15.633333,242,2026,-401564.254
18.45964936111111,-69.91668683055556,-11.5891,15.641667,242,2026,-401632.128
18.45964936111111,-69.91668683055556,-11.5891,15.650000,242,2026,-401696.330
18.45964936111111,-69.916686825,-11.5889,15.658333,242,2026,-401762.185
18.45964936388889,-69.916686825,-11.5887,15.666667,242,2026,-401823.768
18.45964936388889,-69.91668682777778,-11.5887,15.675000,242,2026,-401887.584
18.45964936388889,-69.916686825,-11.5885,15.683333,242,2026,-401954.808
18.45964936388889,-69.916686825,-11.5884,15.691667,242,2026,-402005.716
18.45964936388889,-69.916686825,-11.5882,15.700000,242,2026,-402061.116
18.45964936388889,-69.91668682222223,-11.5881,15.708333,242,2026,-402122.058
18.459649366666667,-69.91668681944445,-11.5878,15.716667,242,2026,-402184.607
18.459649366666667,-69.91668681944445,-11.5876,15.725000,242,2026,-402237.102
18.459649366666667,-69.91668681666667,-11.5875,15.733333,242,2026,-402287.670
18.459649366666667,-69.91668681388887,-11.5873,15.741667,242,2026,-402334.301
18.459649366666667,-69.91668681111113,-11.5871,15.750000,242,2026,-402380.945
18.459649369444445,-69.91668680833335,-11.5869,15.758333,242,2026,-402434.922
18.459649369444445,-69.91668680555556,-11.5869,15.766667,242,2026,-402491.143
18.459649369444445,-69.91668680555556,-11.5868,15.775000,242,2026,-402553.652
18.459649369444445,-69.91668680277779,-11.5868,15.783333,242,2026,-402627.657
18.459649369444445,-69.91668680277779,-11.5868,15.791667,242,2026,-402710.520
18.459649369444445,-69.91668680277779,-11.5867,15.800000,242,2026,-402781.137
18.459649369444445,-69.91668680277779,-11.5865,15.808333,242,2026,-402852.724
18.459649366666667,-69.91668680277779,-11.5863,15.816667,242,2026,-402916.895
18.459649369444445,-69.91668680555556,-11.5861,15.825000,242,2026,-402993.136
18.459649369444445,-69.91668680833335,-11.586,15.833333,242,2026,-403071.912
18.459649369444445,-69.91668680833335,-11.5861,15.841667,242,2026,-403144.609
18.459649369444445,-69.91668680833335,-11.5862,15.850000,242,2026,-403159.189
18.459649369444445,-69.91668680833335,-11.5865,15.858333,242,2026,-403175.824
18.459649369444445,-69.91668681111113,-11.5867,15.866667,242,2026,-403190.047
18.459649369444445,-69.91668681666667,-11.5871,15.875000,242,2026,-403201.265
18.45964937222222,-69.91668681944445,-11.5874,15.883333,242,2026,-403209.133
18.45964937222222,-69.91668682222223,-11.5878,15.891667,242,2026,-403229.841
18.459649374999994,-69.91668682222223,-11.588,15.900000,242,2026,-403269.143
18.459649374999994,-69.916686825,-11.5883,15.908333,242,2026,-403304.164
18.459649374999994,-69.91668683055556,-11.5888,15.916667,242,2026,-403338.845
18.459649377777772,-69.91668683333334,-11.5892,15.925000,242,2026,-403365.790
18.459649377777772,-69.91668683611111,-11.5898,15.933333,242,2026,-403396.273
18.459649377777772,-69.9166868388889,-11.5903,15.941667,242,2026,-403435.279
18.459649377777772,-69.91668684166669,-11.5907,15.950000,242,2026,-403477.516
18.459649377777772,-69.91668684444446,-11.5912,15.958333,242,2026,-403508.816
18.459649377777772,-69.91668684722224,-11.5916,15.966667,242,2026,-403536.034
18.459649377777772,-69.91668684722224,-11.5919,15.975000,242,2026,-403568.723
18.459649374999994,-69.91668684444446,-11.5923,15.983333,242,2026,-403612.168
18.459649374999994,-69.91668684722224,-11.5929,15.991667,242,2026,-403657.888
18.459649374999994,-69.91668685000002,-11.5937,16.000000,242,2026,-403699.701
18.459649374999994,-69.91668685555555,-11.5945,16.008333,242,2026,-403740.609
18.459649374999994,-69.91668685833334,-11.5951,16.016667,242,2026,-403785.169
18.459649374999994,-69.91668686111112,-11.5956,16.025000,242,2026,-403828.721
18.459649374999994,-69.9166868638889,-11.5962,16.033333,242,2026,-403871.096
18.45964937222222,-69.9166868638889,-11.5967,16.041667,242,2026,-403910.260
18.45964937222222,-69.9166868638889,-11.5971,16.050000,242,2026,-403951.746
18.45964937222222,-69.9166868638889,-11.5976,16.058333,242,2026,-403992.160
18.45964937222222,-69.91668686666667,-11.5981,16.066667,242,2026,-404033.666
18.45964937222222,-69.91668686944445,-11.5984,16.075000,242,2026,-404077.261
18.45964937222222,-69.91668687222223,-11.5987,16.083333,242,2026,-404121.201
18.45964937222222,-69.91668687500002,-11.599,16.091667,242,2026,-404166.715
18.45964937222222,-69.91668687777779,-11.5994,16.100000,242,2026,-404196.865
18.45964937222222,-69.91668688055557,-11.5999,16.108333,242,2026,-404225.458
18.45964937222222,-69.91668688333334,-11.6004,16.116667,242,2026,-404254.366
18.45964937222222,-69.91668688333334,-11.6009,16.125000,242,2026,-404271.005
18.45964937222222,-69.91668688333334,-11.6016,16.133333,242,2026,-404299.063
18.45964937222222,-69.91668688333334,-11.6022,16.141667,242,2026,-404325.690
18.45964937222222,-69.91668688333334,-11.6027,16.150000,242,2026,-404342.812
18.45964937222222,-69.91668688611112,-11.6033,16.158333,242,2026,-404361.552
18.45964937222222,-69.91668688611112,-11.6038,16.166667,242,2026,-404393.811
18.45964937222222,-69.91668688611112,-11.6043,16.175000,242,2026,-404420.710
18.45964937222222,-69.91668688611112,-11.6049,16.183333,242,2026,-404459.521
18.459649374999994,-69.91668688888889,-11.605,16.191667,242,2026,-404504.861
18.459649374999994,-69.91668688888889,-11.6051,16.200000,242,2026,-404558.296
18.459649377777772,-69.91668689166667,-11.6052,16.208333,242,2026,-404612.503
18.459649380555554,-69.91668689444445,-11.6052,16.216667,242,2026,-404652.194
18.459649380555554,-69.9166868972222,-11.6054,16.225000,242,2026,-404689.668
18.45964938333333,-69.91668689999999,-11.6053,16.233333,242,2026,-404738.629
18.45964938333333,-69.91668689999999,-11.6048,16.241667,242,2026,-404789.229
18.45964938611111,-69.91668690277777,-11.6045,16.250000,242,2026,-404846.488
18.459649388888888,-69.91668690277777,-11.604,16.258333,242,2026,-404903.019
18.459649388888888,-69.91668689999999,-11.6035,16.266667,242,2026,-404961.545
18.459649388888888,-69.91668689999999,-11.6031,16.275000,242,2026,-405003.043
18.459649391666662,-69.9166868972222,-11.6026,16.283333,242,2026,-405052.525
18.459649391666662,-69.91668689444445,-11.6019,16.291667,242,2026,-405093.330
18.459649391666662,-69.91668689166667,-11.6013,16.300000,242,2026,-405128.420
18.459649391666662,-69.91668688611112,-11.6007,16.308333,242,2026,-405177.102
18.459649391666662,-69.91668688333334,-11.6001,16.316667,242,2026,-405226.902
18.459649391666662,-69.91668688055557,-11.5997,16.325000,242,2026,-405286.933
18.459649394444444,-69.91668687777779,-11.5995,16.333333,242,2026,-405344.566
18.459649394444444,-69.91668687500002,-11.5994,16.341667,242,2026,-405392.531
18.459649394444444,-69.91668687222223,-11.5995,16.350000,242,2026,-405441.606
18.459649394444444,-69.91668687222223,-11.5997,16.358333,242,2026,-405495.302
18.459649397222222,-69.91668687222223,-11.5998,16.366667,242,2026,-405571.607
18.459649397222222,-69.91668686944445,-11.5998,16.375000,242,2026,-405642.640
18.4596494,-69.91668686944445,-11.5998,16.383333,242,2026,-405707.712
18.4596494,-69.91668686944445,-11.5997,16.391667,242,2026,-405779.639
18.4596494,-69.91668686944445,-11.5997,16.400000,242,2026,-405845.140
18.459649397222222,-69.91668687222223,-11.5998,16.408333,242,2026,-405922.685
18.459649397222222,-69.91668687500002,-11.5998,16.416667,242,2026,-405998.568
18.459649397222222,-69.91668687500002,-11.5997,16.425000,242,2026,-406059.135
18.459649397222222,-69.91668687222223,-11.5996,16.433333,242,2026,-406117.114
18.459649397222222,-69.91668687222223,-11.5993,16.441667,242,2026,-406169.367
18.459649397222222,-69.91668687500002,-11.599,16.450000,242,2026,-406222.608
18.4596494,-69.91668687777779,-11.5986,16.458333,242,2026,-406273.689
18.4596494,-69.91668688055557,-11.5981,16.466667,242,2026,-406333.574
18.459649402777778,-69.91668688333334,-11.5975,16.475000,242,2026,-406392.155
18.459649405555556,-69.91668688055557,-11.5967,16.483333,242,2026,-406456.154
18.459649405555556,-69.91668688055557,-11.596,16.491667,242,2026,-406523.096
18.459649405555556,-69.91668688333334,-11.5956,16.500000,242,2026,-406584.687
18.459649405555556,-69.91668688611112,-11.5954,16.508333,242,2026,-406648.951
18.459649405555556,-69.91668689166667,-11.5954,16.516667,242,2026,-406711.403
18.45964940833333,-69.91668689444445,-11.595,16.525000,242,2026,-406779.250
18.45964940833333,-69.91668689444445,-11.5944,16.533333,242,2026,-406839.067
18.45964940833333,-69.91668689166667,-11.5936,16.541667,242,2026,-406909.428
18.45964940833333,-69.91668688888889,-11.5928,16.550000,242,2026,-406987.750
18.459649411111112,-69.91668688888889,-11.592,16.558333,242,2026,-407059.647
18.459649413888886,-69.91668688611112,-11.591,16.566667,242,2026,-407109.729
18.45964941666666,-69.91668688611112,-11.5902,16.575000,242,2026,-407160.965
18.459649419444442,-69.91668688333334,-11.5893,16.583333,242,2026,-407211.488
18.45964942222222,-69.91668688333334,-11.5884,16.591667,242,2026,-407270.358
18.459649425,-69.91668688055557,-11.5879,16.600000,242,2026,-407338.645
18.459649425,-69.91668687500002,-11.5873,16.608333,242,2026,-407407.043
18.459649427777777,-69.91668686944445,-11.5867,16.616667,242,2026,-407475.468
18.459649430555555,-69.9166868638889,-11.5862,16.625000,242,2026,-407547.758
18.459649433333333,-69.91668685833334,-11.5856,16.633333,242,2026,-407614.198
18.45964943611111,-69.91668685555555,-11.5853,16.641667,242,2026,-407693.506
18.45964943888889,-69.91668685277779,-11.5849,16.650000,242,2026,-407769.715
18.459649441666663,-69.91668685000002,-11.5845,16.658333,242,2026,-407825.320
18.459649441666663,-69.91668684722224,-11.5841,16.666667,242,2026,-407884.780
18.459649444444445,-69.91668684444446,-11.5838,16.675000,242,2026,-407953.091
18.459649444444445,-69.91668684166669,-11.5836,16.683333,242,2026,-408032.278
18.459649447222223,-69.91668684166669,-11.5834,16.691667,242,2026,-408102.213
18.459649447222223,-69.9166868388889,-11.5831,16.700000,242,2026,-408167.464
18.45964945,-69.91668683611111,-11.5828,16.708333,242,2026,-408227.834
18.45964945,-69.91668683611111,-11.5825,16.716667,242,2026,-408289.195
18.459649452777775,-69.91668683611111,-11.5823,16.725000,242,2026,-408362.826
18.459649455555553,-69.91668683611111,-11.5819,16.733333,242,2026,-408435.756
18.459649458333327,-69.91668683333334,-11.5813,16.741667,242,2026,-408515.078
18.45964946111111,-69.91668683333334,-11.581,16.750000,242,2026,-408585.125
18.45964946111111,-69.91668683055556,-11.5805,16.758333,242,2026,-408653.265
18.459649463888887,-69.91668682777778,-11.58,16.766667,242,2026,-408736.804
18.459649466666665,-69.916686825,-11.5793,16.775000,242,2026,-408808.120
18.459649466666665,-69.91668681944445,-11.5786,16.783333,242,2026,-408876.359
18.459649469444443,-69.91668681666667,-11.5779,16.791667,242,2026,-408927.408
18.459649469444443,-69.91668681388887,-11.5773,16.800000,242,2026,-408970.549
18.45964947222222,-69.91668680833335,-11.5767,16.808333,242,2026,-409019.116
18.459649474999996,-69.91668680277779,-11.5761,16.816667,242,2026,-409062.107
18.459649474999996,-69.91668679722223,-11.5755,16.825000,242,2026,-409104.263
18.459649477777777,-69.91668679166668,-11.5748,16.833333,242,2026,-409140.968
18.459649480555555,-69.9166867888889,-11.5744,16.841667,242,2026,-409177.518
18.459649483333333,-69.91668678611111,-11.5742,16.850000,242,2026,-409237.042
18.459649483333333,-69.91668678611111,-11.574,16.858333,242,2026,-409292.383
18.459649486111108,-69.91668678333335,-11.574,16.866667,242,2026,-409346.258
18.459649486111108,-69.91668678333335,-11.5738,16.875000,242,2026,-409403.148
18.45964948888889,-69.91668678055557,-11.5735,16.883333,242,2026,-409460.107
18.459649491666664,-69.9166867777778,-11.5733,16.891667,242,2026,-409520.201
18.459649491666664,-69.9166867777778,-11.5732,16.900000,242,2026,-409576.415
18.45964949444445,-69.91668678055557,-11.5733,16.908333,242,2026,-409636.056
18.45964949444445,-69.91668678055557,-11.5734,16.916667,242,2026,-409698.172
18.45964949444445,-69.91668678055557,-11.5734,16.925000,242,2026,-409771.013
18.45964949444445,-69.91668678333335,-11.5736,16.933333,242,2026,-409845.826
18.45964949444445,-69.91668678611111,-11.5739,16.941667,242,2026,-409920.092
18.45964949444445,-69.9166867888889,-11.5744,16.950000,242,2026,-410002.913
18.459649497222223,-69.91668679166668,-11.5747,16.958333,242,2026,-410073.385
18.459649497222223,-69.91668679444444,-11.5751,16.966667,242,2026,-410157.928
18.459649497222223,-69.91668680000001,-11.5754,16.975000,242,2026,-410244.155
18.459649497222223,-69.91668680277779,-11.5758,16.983333,242,2026,-410336.342
18.459649497222223,-69.91668680833335,-11.5762,16.991667,242,2026,-410352.619
18.459649497222223,-69.91668681111113,-11.5765,17.000000,242,2026,-410362.156
18.459649497222223,-69.91668681111113,-11.5767,17.008333,242,2026,-410383.606
18.459649497222223,-69.91668681388887,-11.5769,17.016667,242,2026,-410404.085
18.459649497222223,-69.91668681666667,-11.5771,17.025000,242,2026,-410419.451
18.459649497222223,-69.91668681944445,-11.5772,17.033333,242,2026,-410433.543
18.459649497222223,-69.91668682222223,-11.5773,17.041667,242,2026,-410436.595
18.459649497222223,-69.91668682222223,-11.5776,17.050000,242,2026,-410446.125
18.459649497222223,-69.91668682777778,-11.578,17.058333,242,2026,-410452.283
18.459649497222223,-69.91668683055556,-11.5785,17.066667,242,2026,-410455.610
18.459649497222223,-69.91668683333334,-11.579,17.075000,242,2026,-410464.831
18.459649497222223,-69.9166868388889,-11.5795,17.083333,242,2026,-410482.307
18.459649497222223,-69.91668684166669,-11.58,17.091667,242,2026,-410478.044
18.459649497222223,-69.91668684722224,-11.5804,17.100000,242,2026,-410474.691
18.459649497222223,-69.91668685000002,-11.581,17.108333,242,2026,-410476.329
18.459649497222223,-69.91668685555555,-11.5817,17.116667,242,2026,-410476.067
18.459649497222223,-69.9166868638889,-11.5823,17.125000,242,2026,-410468.942
18.459649497222223,-69.91668686666667,-11.583,17.133333,242,2026,-410457.632
18.459649497222223,-69.91668687222223,-11.5837,17.141667,242,2026,-410455.455
18.459649497222223,-69.91668687500002,-11.5843,17.150000,242,2026,-410449.120
18.459649497222223,-69.91668688055557,-11.5849,17.158333,242,2026,-410444.907
18.459649499999998,-69.91668688333334,-11.5854,17.166667,242,2026,-410461.981
18.459649499999998,-69.91668688888889,-11.5861,17.175000,242,2026,-410482.140
18.459649497222223,-69.91668689444445,-11.5869,17.183333,242,2026,-410500.434
18.459649497222223,-69.91668689999999,-11.5877,17.191667,242,2026,-410518.567
18.459649497222223,-69.91668690555555,-11.5886,17.200000,242,2026,-410534.669
18.459649497222223,-69.91668691111113,-11.5893,17.208333,242,2026,-410561.974
18.459649497222223,-69.9166869138889,-11.5901,17.216667,242,2026,-410586.048
18.459649497222223,-69.91668691944444,-11.5911,17.225000,242,2026,-410600.966
18.45964949444445,-69.91668692500001,-11.5921,17.233333,242,2026,-410615.156
18.45964949444445,-69.91668693333334,-11.5932,17.241667,242,2026,-410629.104
18.45964949444445,-69.91668693888889,-11.5942,17.250000,242,2026,-410645.781
18.45964949444445,-69.91668694166667,-11.5951,17.258333,242,2026,-410667.900
18.459649491666664,-69.91668694722223,-11.596,17.266667,242,2026,-410685.332
18.459649491666664,-69.91668695277778,-11.5969,17.275000,242,2026,-410708.478
18.459649491666664,-69.91668695833334,-11.5977,17.283333,242,2026,-410723.717
18.459649491666664,-69.91668696111111,-11.5983,17.291667,242,2026,-410727.813
18.459649491666664,-69.91668696111111,-11.5989,17.300000,242,2026,-410724.168
18.459649491666664,-69.91668696388889,-11.5994,17.308333,242,2026,-410721.623
18.459649491666664,-69.91668696388889,-11.5999,17.316667,242,2026,-410722.456
18.459649491666664,-69.91668696666667,-11.6003,17.325000,242,2026,-410732.227
18.45964948888889,-69.91668696666667,-11.6007,17.333333,242,2026,-410733.523
18.45964948888889,-69.91668696666667,-11.601,17.341667,242,2026,-410738.801
18.45964948888889,-69.91668696666667,-11.6013,17.350000,242,2026,-410739.967
18.45964948888889,-69.91668696944446,-11.6017,17.358333,242,2026,-410739.964
18.45964948888889,-69.91668696944446,-11.602,17.366667,242,2026,-410737.993
18.459649486111108,-69.91668696944446,-11.6024,17.375000,242,2026,-410748.104
18.459649486111108,-69.91668696944446,-11.6026,17.383333,242,2026,-410765.315
18.459649483333333,-69.91668696944446,-11.6028,17.391667,242,2026,-410782.357
18.459649483333333,-69.91668697222222,-11.6031,17.400000,242,2026,-410792.741
18.459649483333333,-69.91668697222222,-11.603,17.408333,242,2026,-410808.442
18.459649483333333,-69.91668697500002,-11.6029,17.416667,242,2026,-410821.423
18.459649483333333,-69.91668697500002,-11.6027,17.425000,242,2026,-410833.202
18.459649483333333,-69.91668697500002,-11.6026,17.433333,242,2026,-410844.317
18.459649480555555,-69.91668697500002,-11.6026,17.441667,242,2026,-410859.737
18.459649480555555,-69.91668697500002,-11.6026,17.450000,242,2026,-410888.546
18.459649477777777,-69.9166869777778,-11.6027,17.458333,242,2026,-410917.622
18.459649477777777,-69.9166869777778,-11.6027,17.466667,242,2026,-410943.014
18.459649477777777,-69.91668698055557,-11.6027,17.475000,242,2026,-410974.635
18.459649474999996,-69.91668698055557,-11.6027,17.483333,242,2026,-410999.673
18.459649474999996,-69.91668698333335,-11.6026,17.491667,242,2026,-411021.870
18.459649474999996,-69.91668698333335,-11.6026,17.500000,242,2026,-411047.685
18.45964947222222,-69.91668698611112,-11.6025,17.508333,242,2026,-411080.356
18.45964947222222,-69.91668698611112,-11.6024,17.516667,242,2026,-411110.343
18.45964947222222,-69.91668698611112,-11.6023,17.525000,242,2026,-411138.086
18.45964947222222,-69.91668698888888,-11.6022,17.533333,242,2026,-411175.218
18.459649469444443,-69.91668698888888,-11.6022,17.541667,242,2026,-411199.473
18.459649469444443,-69.91668699166667,-11.6022,17.550000,242,2026,-411237.318
18.459649469444443,-69.91668699444445,-11.602,17.558333,242,2026,-411277.432
18.459649469444443,-69.91668699444445,-11.6018,17.566667,242,2026,-411313.801
18.459649466666665,-69.91668699444445,-11.6016,17.575000,242,2026,-411343.549
18.459649466666665,-69.91668699444445,-11.6013,17.583333,242,2026,-411377.901
18.459649466666665,-69.91668699722223,-11.6012,17.591667,242,2026,-411403.040
18.459649466666665,-69.91668699722223,-11.6008,17.600000,242,2026,-411440.758
18.459649463888887,-69.91668699722223,-11.6005,17.608333,242,2026,-411479.216
18.459649463888887,-69.91668699444445,-11.6002,17.616667,242,2026,-411507.422
18.459649463888887,-69.91668699444445,-11.5999,17.625000,242,2026,-411539.491
18.459649463888887,-69.91668699444445,-11.5996,17.633333,242,2026,-411584.087
18.459649463888887,-69.91668699166667,-11.5991,17.641667,242,2026,-411625.100
18.459649463888887,-69.91668699166667,-11.5985,17.650000,242,2026,-411677.248
18.459649463888887,-69.91668698888888,-11.5976,17.658333,242,2026,-411731.910
18.459649463888887,-69.91668698611112,-11.5966,17.666667,242,2026,-411791.924
18.459649466666665,-69.91668698333335,-11.5954,17.675000,242,2026,-411880.179
18.459649466666665,-69.9166869777778,-11.5942,17.683333,242,2026,-411930.097
18.459649466666665,-69.91668698055557,-11.5942,17.691667,242,2026,-411960.245
18.459649466666665,-69.91668698055557,-11.5942,17.700000,242,2026,-412010.686
18.459649466666665,-69.91668698055557,-11.5942,17.708333,242,2026,-412051.454
18.459649466666665,-69.91668698055557,-11.5942,17.716667,242,2026,-412085.905
18.459649466666665,-69.91668698055557,-11.5941,17.725000,242,2026,-412129.158
18.459649466666665,-69.91668698055557,-11.5941,17.733333,242,2026,-412145.052
18.459649466666665,-69.91668698055557,-11.5941,17.741667,242,2026,-412150.516
18.459649466666665,-69.91668698055557,-11.5941,17.750000,242,2026,-412142.922
18.459649466666665,-69.91668698055557,-11.594,17.758333,242,2026,-412126.689
18.459649466666665,-69.91668698055557,-11.594,17.766667,242,2026,-412103.096
18.459649466666665,-69.91668698055557,-11.5939,17.775000,242,2026,-412096.780
18.459649466666665,-69.91668698055557,-11.5939,17.783333,242,2026,-412090.153
18.459649466666665,-69.91668698055557,-11.5938,17.791667,242,2026,-412078.022
18.459649466666665,-69.91668698055557,-11.5938,17.800000,242,2026,-412074.371
18.459649466666665,-69.91668698055557,-11.5937,17.808333,242,2026,-412075.715
18.459649466666665,-69.91668698055557,-11.5937,17.816667,242,2026,-412073.872
18.459649466666665,-69.91668698333335,-11.5937,17.825000,242,2026,-412060.831
18.459649466666665,-69.91668698333335,-11.5937,17.833333,242,2026,-412039.873
18.459649466666665,-69.91668698333335,-11.5936,17.841667,242,2026,-412031.831
18.459649466666665,-69.91668698333335,-11.5935,17.850000,242,2026,-412030.457
18.459649466666665,-69.91668698333335,-11.5935,17.858333,242,2026,-412026.098
18.459649466666665,-69.91668698333335,-11.5934,17.866667,242,2026,-412018.832
18.459649466666665,-69.91668698333335,-11.5933,17.875000,242,2026,-412013.282
18.459649466666665,-69.91668698333335,-11.5932,17.883333,242,2026,-412007.399
18.459649466666665,-69.91668698611112,-11.5931,17.891667,242,2026,-412003.988
18.459649466666665,-69.91668698611112,-11.5931,17.900000,242,2026,-412000.245
18.459649466666665,-69.91668698611112,-11.5931,17.908333,242,2026,-411996.564
18.459649466666665,-69.91668698611112,-11.593,17.916667,242,2026,-411992.517
18.459649466666665,-69.91668698611112,-11.593,17.925000,242,2026,-411987.654
18.459649466666665,-69.91668698611112,-11.5929,17.933333,242,2026,-411981.717
18.459649466666665,-69.91668698611112,-11.5928,17.941667,242,2026,-411976.710
18.459649466666665,-69.91668698611112,-11.5927,17.950000,242,2026,-411978.085
18.459649466666665,-69.91668698333335,-11.5927,17.958333,242,2026,-411978.709
18.459649466666665,-69.91668698333335,-11.5926,17.966667,242,2026,-411987.125
18.459649466666665,-69.91668698333335,-11.5925,17.975000,242,2026,-411978.569
18.459649466666665,-69.91668698333335,-11.5924,17.983333,242,2026,-411969.829
18.459649466666665,-69.91668698333335,-11.5923,17.991667,242,2026,-411956.979
18.459649466666665,-69.91668698333335,-11.5922,18.000000,242,2026,-411966.611
18.459649466666665,-69.91668698333335,-11.5921,18.008333,242,2026,-411966.713
18.459649466666665,-69.91668698333335,-11.5921,18.016667,242,2026,-411969.527
18.459649466666665,-69.91668698333335,-11.592,18.025000,242,2026,-411974.547
18.459649469444443,-69.91668698333335,-11.5919,18.033333,242,2026,-411991.057
18.459649469444443,-69.91668698055557,-11.5919,18.041667,242,2026,-412011.306
18.459649469444443,-69.91668698055557,-11.5918,18.050000,242,2026,-412046.710
18.459649469444443,-69.91668698333335,-11.5918,18.058333,242,2026,-412073.140
18.459649469444443,-69.91668698333335,-11.5918,18.066667,242,2026,-412099.342
18.459649469444443,-69.91668698333335,-11.5917,18.075000,242,2026,-412137.006
18.459649469444443,-69.91668698333335,-11.5917,18.083333,242,2026,-412182.292
18.459649469444443,-69.91668698055557,-11.5916,18.091667,242,2026,-412232.675
18.459649469444443,-69.91668698333335,-11.5915,18.100000,242,2026,-412270.246
18.459649469444443,-69.91668698333335,-11.5915,18.108333,242,2026,-412300.731
18.459649469444443,-69.91668698333335,-11.5915,18.116667,242,2026,-412356.161
18.459649469444443,-69.91668698333335,-11.5915,18.125000,242,2026,-412420.781
18.459649469444443,-69.91668698333335,-11.5914,18.133333,242,2026,-412485.841
18.459649469444443,-69.91668698333335,-11.5914,18.141667,242,2026,-412550.699
18.459649469444443,-69.91668698333335,-11.5913,18.150000,242,2026,-412604.758
18.459649469444443,-69.91668698333335,-11.5913,18.158333,242,2026,-412655.456
18.45964947222222,-69.91668698333335,-11.5913,18.166667,242,2026,-412712.071
18.45964947222222,-69.91668698611112,-11.5912,18.175000,242,2026,-412771.239
18.45964947222222,-69.91668698611112,-11.5912,18.183333,242,2026,-412828.707
18.45964947222222,-69.91668698611112,-11.5912,18.191667,242,2026,-412882.456
18.45964947222222,-69.91668698611112,-11.5911,18.200000,242,2026,-412929.401
18.45964947222222,-69.91668698611112,-11.591,18.208333,242,2026,-412987.166
18.45964947222222,-69.91668698888888,-11.591,18.216667,242,2026,-413050.478
18.45964947222222,-69.91668698888888,-11.5909,18.225000,242,2026,-413111.733
18.45964947222222,-69.91668698888888,-11.5908,18.233333,242,2026,-413171.755
18.45964947222222,-69.91668698888888,-11.5908,18.241667,242,2026,-413247.807
18.459649474999996,-69.91668698888888,-11.5907,18.250000,242,2026,-413318.008
18.459649474999996,-69.91668698888888,-11.5905,18.258333,242,2026,-413287.235
18.459649474999996,-69.91668698888888,-11.5904,18.266667,242,2026,-413261.874
18.459649474999996,-69.91668698888888,-11.5903,18.275000,242,2026,-413273.953
18.459649474999996,-69.91668698888888,-11.5902,18.283333,242,2026,-413290.505
18.459649474999996,-69.91668698888888,-11.5901,18.291667,242,2026,-413334.833
18.459649474999996,-69.91668698888888,-11.59,18.300000,242,2026,-413375.102
18.459649474999996,-69.91668698888888,-11.5899,18.308333,242,2026,-413415.303
18.459649474999996,-69.91668698888888,-11.5898,18.316667,242,2026,-413454.457
18.459649474999996,-69.91668698888888,-11.5897,18.325000,242,2026,-413481.034
18.459649474999996,-69.91668698888888,-11.5897,18.333333,242,2026,-413483.156
18.459649474999996,-69.91668698888888,-11.5896,18.341667,242,2026,-413485.581
18.459649474999996,-69.91668698888888,-11.5896,18.350000,242,2026,-413478.526
18.459649474999996,-69.91668698888888,-11.5896,18.358333,242,2026,-413477.576
18.459649474999996,-69.91668698888888,-11.5896,18.366667,242,2026,-413475.328
18.459649474999996,-69.91668698888888,-11.5896,18.375000,242,2026,-413459.175
18.459649474999996,-69.91668698888888,-11.5895,18.383333,242,2026,-413433.929
18.459649474999996,-69.91668698888888,-11.5895,18.391667,242,2026,-413409.404
18.459649474999996,-69.91668698888888,-11.5895,18.400000,242,2026,-413381.206
18.459649474999996,-69.91668698888888,-11.5895,18.408333,242,2026,-413353.576
18.459649474999996,-69.91668698888888,-11.5895,18.416667,242,2026,-413336.524
18.459649474999996,-69.91668699166667,-11.5895,18.425000,242,2026,-413303.285
18.459649474999996,-69.91668699166667,-11.5895,18.433333,242,2026,-413267.812
18.459649477777777,-69.91668699166667,-11.5895,18.441667,242,2026,-413224.074
18.459649477777777,-69.91668699166667,-11.5895,18.450000,242,2026,-413181.969
18.459649477777777,-69.91668699166667,-11.5895,18.458333,242,2026,-413153.163
18.459649477777777,-69.91668699444445,-11.5894,18.466667,242,2026,-413113.776
18.459649477777777,-69.91668699444445,-11.5894,18.475000,242,2026,-413068.719
18.459649477777777,-69.91668699444445,-11.5894,18.483333,242,2026,-413033.395
18.459649477777777,-69.91668699444445,-11.5894,18.491667,242,2026,-412999.048
18.459649477777777,-69.91668699444445,-11.5894,18.500000,242,2026,-412992.062
18.459649477777777,-69.91668699722223,-11.5893,18.508333,242,2026,-412977.440
18.459649477777777,-69.91668699722223,-11.5893,18.516667,242,2026,-412987.856
18.459649477777777,-69.91668699722223,-11.5893,18.525000,242,2026,-412996.930
18.459649477777777,-69.91668699722223,-11.5892,18.533333,242,2026,-413020.890
18.459649477777777,-69.91668699722223,-11.5891,18.541667,242,2026,-413043.280
18.459649477777777,-69.91668700000001,-11.5891,18.550000,242,2026,-413061.687
18.459649477777777,-69.91668700000001,-11.5891,18.558333,242,2026,-413072.372
18.459649477777777,-69.91668700000001,-11.589,18.566667,242,2026,-413069.717
18.459649477777777,-69.91668700000001,-11.5889,18.575000,242,2026,-413072.924
18.459649477777777,-69.91668700000001,-11.5889,18.583333,242,2026,-413078.671
18.459649477777777,-69.91668700000001,-11.5889,18.591667,242,2026,-413088.964
18.459649477777777,-69.91668700000001,-11.5889,18.600000,242,2026,-413097.394
18.459649477777777,-69.91668700000001,-11.5889,18.608333,242,2026,-413100.384
18.459649477777777,-69.91668700000001,-11.5888,18.616667,242,2026,-413089.967
18.459649477777777,-69.91668700000001,-11.5888,18.625000,242,2026,-413071.618
18.459649477777777,-69.91668700000001,-11.5888,18.633333,242,2026,-413039.866
18.459649477777777,-69.91668700277778,-11.5888,18.641667,242,2026,-412999.298
18.459649477777777,-69.91668700277778,-11.5887,18.650000,242,2026,-412962.257
18.459649477777777,-69.91668700277778,-11.5887,18.658333,242,2026,-412928.867
18.459649477777777,-69.91668700277778,-11.5886,18.666667,242,2026,-412873.669
18.459649477777777,-69.91668700277778,-11.5886,18.675000,242,2026,-412825.319
18.459649477777777,-69.91668700277778,-11.5885,18.683333,242,2026,-412790.348
18.459649477777777,-69.91668700277778,-11.5883,18.691667,242,2026,-412759.401
18.459649477777777,-69.91668700277778,-11.5883,18.700000,242,2026,-412728.081
18.459649477777777,-69.91668700555556,-11.5882,18.708333,242,2026,-412705.090
18.459649477777777,-69.91668700555556,-11.5881,18.716667,242,2026,-412685.296
18.459649480555555,-69.91668700555556,-11.5879,18.725000,242,2026,-412657.781
18.459649480555555,-69.91668700555556,-11.5879,18.733333,242,2026,-412639.775
18.459649480555555,-69.91668700555556,-11.5878,18.741667,242,2026,-412618.577
18.459649480555555,-69.91668700555556,-11.5877,18.750000,242,2026,-412597.960
18.459649480555555,-69.91668700555556,-11.5877,18.758333,242,2026,-412569.087
18.459649480555555,-69.91668700555556,-11.5876,18.766667,242,2026,-412544.544
18.459649480555555,-69.91668700833335,-11.5875,18.775000,242,2026,-412524.591
18.459649480555555,-69.91668700833335,-11.5875,18.783333,242,2026,-412489.624
18.459649480555555,-69.91668700833335,-11.5874,18.791667,242,2026,-412449.877
18.459649480555555,-69.91668700833335,-11.5873,18.800000,242,2026,-412428.453
18.459649480555555,-69.91668700833335,-11.5872,18.808333,242,2026,-412400.868
18.459649480555555,-69.91668700833335,-11.5871,18.816667,242,2026,-412366.194
18.459649480555555,-69.91668700833335,-11.5871,18.825000,242,2026,-412329.603
18.459649480555555,-69.91668700833335,-11.587,18.833333,242,2026,-412310.569
18.459649480555555,-69.91668700833335,-11.5869,18.841667,242,2026,-412296.187
18.459649480555555,-69.91668700833335,-11.5868,18.850000,242,2026,-412266.860
18.459649477777777,-69.91668700833335,-11.5868,18.858333,242,2026,-412252.440
18.459649477777777,-69.91668700833335,-11.5867,18.866667,242,2026,-412228.197
18.459649477777777,-69.91668700833335,-11.5866,18.875000,242,2026,-412205.105
18.459649477777777,-69.91668700833335,-11.5864,18.883333,242,2026,-412175.489
18.459649477777777,-69.91668700833335,-11.5863,18.891667,242,2026,-412156.495
18.459649477777777,-69.91668700833335,-11.5863,18.900000,242,2026,-412135.965
18.459649477777777,-69.91668700555556,-11.5862,18.908333,242,2026,-412115.160
18.459649477777777,-69.91668700833335,-11.5861,18.916667,242,2026,-412094.443
18.459649477777777,-69.91668700833335,-11.586,18.925000,242,2026,-412072.082
18.459649477777777,-69.91668700833335,-11.5858,18.933333,242,2026,-412047.551
18.459649477777777,-69.91668700833335,-11.5858,18.941667,242,2026,-412026.440
18.459649477777777,-69.91668701111112,-11.5857,18.950000,242,2026,-412008.463
18.459649477777777,-69.91668701111112,-11.5856,18.958333,242,2026,-411995.641
18.459649477777777,-69.91668701111112,-11.5856,18.966667,242,2026,-411991.444
18.459649477777777,-69.91668701111112,-11.5854,18.975000,242,2026,-411980.999
18.459649477777777,-69.91668701111112,-11.5854,18.983333,242,2026,-411976.872
18.459649477777777,-69.9166870138889,-11.5852,18.991667,242,2026,-411981.035
18.459649477777777,-69.9166870138889,-11.5852,19.000000,242,2026,-411980.754
18.459649477777777,-69.9166870138889,-11.5851,19.008333,242,2026,-411958.121
18.459649477777777,-69.91668701666667,-11.585,19.016667,242,2026,-411931.768
18.459649477777777,-69.91668701666667,-11.585,19.025000,242,2026,-411900.185
18.459649477777777,-69.91668701944445,-11.5849,19.033333,242,2026,-411876.432
18.459649477777777,-69.91668701944445,-11.5848,19.041667,242,2026,-411843.904
18.459649477777777,-69.91668701944445,-11.5847,19.050000,242,2026,-411818.501
18.459649477777777,-69.91668701944445,-11.5846,19.058333,242,2026,-411788.095
18.459649477777777,-69.91668702222222,-11.5844,19.066667,242,2026,-411749.999
18.459649477777777,-69.91668702222222,-11.5843,19.075000,242,2026,-411699.803
18.459649477777777,-69.91668702222222,-11.5842,19.083333,242,2026,-411661.822
18.459649474999996,-69.91668702222222,-11.584,19.091667,242,2026,-411647.458
18.459649474999996,-69.91668702222222,-11.5839,19.100000,242,2026,-411639.879
18.459649474999996,-69.91668702222222,-11.5837,19.108333,242,2026,-411632.687
18.459649474999996,-69.91668702222222,-11.5835,19.116667,242,2026,-411634.953
18.459649474999996,-69.91668702222222,-11.5833,19.125000,242,2026,-411639.386
18.459649474999996,-69.91668702222222,-11.5831,19.133333,242,2026,-411641.090
18.459649474999996,-69.916687025,-11.5829,19.141667,242,2026,-411641.531
18.459649474999996,-69.916687025,-11.5827,19.150000,242,2026,-411644.400
18.459649474999996,-69.916687025,-11.5825,19.158333,242,2026,-411653.545
18.459649474999996,-69.916687025,-11.5824,19.166667,242,2026,-411658.183
18.459649474999996,-69.916687025,-11.5823,19.175000,242,2026,-411678.544
18.459649474999996,-69.916687025,-11.5821,19.183333,242,2026,-411698.401
18.459649474999996,-69.91668702777778,-11.5819,19.191667,242,2026,-411725.318
18.459649474999996,-69.91668702777778,-11.5817,19.200000,242,2026,-411754.774
18.459649474999996,-69.91668702777778,-11.5815,19.208333,242,2026,-411781.069
18.459649474999996,-69.91668702777778,-11.5813,19.216667,242,2026,-411800.219
18.459649474999996,-69.91668703055556,-11.5812,19.225000,242,2026,-411812.760
18.459649474999996,-69.91668703055556,-11.581,19.233333,242,2026,-411836.324
18.459649474999996,-69.91668703055556,-11.5808,19.241667,242,2026,-411857.779
18.459649474999996,-69.91668703333332,-11.5807,19.250000,242,2026,-411873.451
18.459649474999996,-69.91668703333332,-11.5805,19.258333,242,2026,-411885.340
18.459649477777777,-69.91668703333332,-11.5803,19.266667,242,2026,-411904.804
18.459649477777777,-69.9166870361111,-11.5801,19.275000,242,2026,-411914.432
18.459649477777777,-69.9166870361111,-11.58,19.283333,242,2026,-411895.377
18.459649477777777,-69.91668703888888,-11.5798,19.291667,242,2026,-411859.689
18.459649477777777,-69.91668703888888,-11.5797,19.300000,242,2026,-411828.309
18.459649477777777,-69.91668703888888,-11.5795,19.308333,242,2026,-411810.175
18.459649477777777,-69.91668704166666,-11.5794,19.316667,242,2026,-411796.594
18.459649477777777,-69.91668704166666,-11.5793,19.325000,242,2026,-411793.675
18.459649477777777,-69.91668704166666,-11.5792,19.333333,242,2026,-411794.936
18.459649480555555,-69.91668704444446,-11.5791,19.341667,242,2026,-411806.463
18.459649480555555,-69.91668704444446,-11.5789,19.350000,242,2026,-411811.733
18.459649480555555,-69.91668704444446,-11.5787,19.358333,242,2026,-411811.528
18.459649480555555,-69.91668704722223,-11.5785,19.366667,242,2026,-411825.913
18.459649480555555,-69.91668704722223,-11.5783,19.375000,242,2026,-411850.168
18.459649480555555,-69.91668704722223,-11.5781,19.383333,242,2026,-411869.003
18.459649480555555,-69.91668704722223,-11.578,19.391667,242,2026,-411889.350
18.459649480555555,-69.91668705000001,-11.5779,19.400000,242,2026,-411902.005
18.459649480555555,-69.91668705000001,-11.5778,19.408333,242,2026,-411909.851
18.459649480555555,-69.91668705277779,-11.5776,19.416667,242,2026,-411909.143
18.459649483333333,-69.91668705277779,-11.5775,19.425000,242,2026,-411888.100
18.459649483333333,-69.91668705277779,-11.5774,19.433333,242,2026,-411861.215
18.459649483333333,-69.91668705555556,-11.5773,19.441667,242,2026,-411811.451
18.459649483333333,-69.91668705555556,-11.5772,19.450000,242,2026,-411767.654
18.459649483333333,-69.91668705555556,-11.5771,19.458333,242,2026,-411724.144
18.459649483333333,-69.91668705555556,-11.577,19.466667,242,2026,-411686.689
18.459649483333333,-69.91668705555556,-11.5768,19.475000,242,2026,-411666.918
18.459649483333333,-69.91668705555556,-11.5767,19.483333,242,2026,-411652.905
18.459649483333333,-69.91668705555556,-11.5766,19.491667,242,2026,-411635.574
18.459649483333333,-69.91668705833334,-11.5764,19.500000,242,2026,-411621.184
18.459649483333333,-69.91668705833334,-11.5762,19.508333,242,2026,-411604.435
18.459649483333333,-69.91668705833334,-11.5759,19.516667,242,2026,-411591.779
18.459649483333333,-69.91668705833334,-11.5757,19.525000,242,2026,-411563.960
18.459649486111108,-69.91668705833334,-11.5755,19.533333,242,2026,-411525.556
18.459649486111108,-69.91668705833334,-11.5753,19.541667,242,2026,-411493.045
18.459649486111108,-69.91668705833334,-11.5751,19.550000,242,2026,-411478.427
18.459649486111108,-69.91668705833334,-11.5749,19.558333,242,2026,-411468.650
18.459649486111108,-69.91668705833334,-11.5748,19.566667,242,2026,-411475.598
18.459649486111108,-69.91668705833334,-11.5746,19.575000,242,2026,-411490.371
18.459649486111108,-69.91668705833334,-11.5744,19.583333,242,2026,-411511.845
18.459649486111108,-69.91668705833334,-11.5742,19.591667,242,2026,-411542.600
18.459649486111108,-69.91668705833334,-11.5741,19.600000,242,2026,-411573.149
18.459649486111108,-69.91668705833334,-11.574,19.608333,242,2026,-411603.698
18.459649486111108,-69.91668705833334,-11.5738,19.616667,242,2026,-411638.904
18.45964948888889,-69.91668705833334,-11.5737,19.625000,242,2026,-411674.889
18.45964948888889,-69.91668705833334,-11.5735,19.633333,242,2026,-411710.020
18.45964948888889,-69.91668705833334,-11.5734,19.641667,242,2026,-411737.669
18.45964948888889,-69.91668705555556,-11.5733,19.650000,242,2026,-411769.764
18.45964948888889,-69.91668705555556,-11.5732,19.658333,242,2026,-411800.243
18.45964948888889,-69.91668705555556,-11.5731,19.666667,242,2026,-411835.780
18.45964948888889,-69.91668705555556,-11.573,19.675000,242,2026,-411869.393
18.45964948888889,-69.91668705555556,-11.5728,19.683333,242,2026,-411899.680
18.45964948888889,-69.91668705833334,-11.5727,19.691667,242,2026,-411927.656
18.45964948888889,-69.91668705833334,-11.5725,19.700000,242,2026,-411965.661
18.45964948888889,-69.91668705833334,-11.5724,19.708333,242,2026,-411997.354
18.45964948888889,-69.91668705833334,-11.5722,19.716667,242,2026,-412021.830
18.45964948888889,-69.91668705833334,-11.572,19.725000,242,2026,-412037.136
18.45964948888889,-69.91668706111112,-11.5719,19.733333,242,2026,-412061.745
18.45964948888889,-69.91668706111112,-11.5718,19.741667,242,2026,-412090.459
18.45964948888889,-69.91668706111112,-11.5716,19.750000,242,2026,-412115.469
18.45964948888889,-69.91668706111112,-11.5715,19.758333,242,2026,-412137.519
18.45964948888889,-69.91668706111112,-11.5713,19.766667,242,2026,-412177.246
18.45964948888889,-69.9166870638889,-11.5712,19.775000,242,2026,-412224.681
18.45964948888889,-69.9166870638889,-11.5712,19.783333,242,2026,-412287.592
18.45964948888889,-69.9166870638889,-11.5711,19.791667,242,2026,-412352.531
18.45964948888889,-69.9166870638889,-11.571,19.800000,242,2026,-412407.899
18.45964948888889,-69.9166870666667,-11.571,19.808333,242,2026,-412453.715
18.45964948888889,-69.9166870666667,-11.571,19.816667,242,2026,-412502.053
18.45964948888889,-69.91668706944448,-11.571,19.825000,242,2026,-412548.833
18.45964948888889,-69.91668706944448,-11.5709,19.833333,242,2026,-412583.975
18.45964948888889,-69.91668707222225,-11.5709,19.841667,242,2026,-412604.683
18.45964948888889,-69.91668707222225,-11.5708,19.850000,242,2026,-412622.461
18.45964948888889,-69.91668707222225,-11.5707,19.858333,242,2026,-412634.435
18.45964948888889,-69.916687075,-11.5707,19.866667,242,2026,-412633.717
18.45964948888889,-69.916687075,-11.5707,19.875000,242,2026,-412648.211
18.459649486111108,-69.9166870777778,-11.5707,19.883333,242,2026,-412675.736
18.459649486111108,-69.91668708055556,-11.5707,19.891667,242,2026,-412702.017
18.459649486111108,-69.91668708055556,-11.5706,19.900000,242,2026,-412727.937
18.459649486111108,-69.91668708333334,-11.5706,19.908333,242,2026,-412756.461
18.459649486111108,-69.91668708333334,-11.5706,19.916667,242,2026,-412794.708
18.459649486111108,-69.91668708333334,-11.5705,19.925000,242,2026,-412829.877
18.459649486111108,-69.91668708611111,-11.5705,19.933333,242,2026,-412859.514
18.459649486111108,-69.91668708611111,-11.5704,19.941667,242,2026,-412909.035
18.459649486111108,-69.91668708611111,-11.5703,19.950000,242,2026,-412972.817
18.459649486111108,-69.91668708888889,-11.5703,19.958333,242,2026,-413041.168
18.459649486111108,-69.91668708888889,-11.5702,19.966667,242,2026,-413108.981
18.459649486111108,-69.91668709166667,-11.5701,19.975000,242,2026,-413161.970
18.459649486111108,-69.91668709166667,-11.57,19.983333,242,2026,-413204.870
18.459649486111108,-69.91668709166667,-11.5699,19.991667,242,2026,-413241.615
18.459649486111108,-69.91668709444446,-11.5698,20.000000,242,2026,-413308.585
18.459649486111108,-69.91668709444446,-11.5697,20.008333,242,2026,-413371.544
18.459649486111108,-69.91668709444446,-11.5696,20.016667,242,2026,-413434.804
18.459649486111108,-69.91668709444446,-11.5696,20.025000,242,2026,-413496.396
18.459649486111108,-69.91668709444446,-11.5695,20.033333,242,2026,-413561.274
18.459649486111108,-69.91668709444446,-11.5694,20.041667,242,2026,-413638.715
18.459649486111108,-69.91668709722222,-11.5692,20.050000,242,2026,-413648.828
18.459649486111108,-69.91668709722222,-11.5691,20.058333,242,2026,-413620.737
18.459649486111108,-69.91668709722222,-11.569,20.066667,242,2026,-413589.174
18.459649486111108,-69.91668709722222,-11.569,20.075000,242,2026,-413541.819
18.459649486111108,-69.91668709722222,-11.5689,20.083333,242,2026,-413503.489
18.459649486111108,-69.91668709722222,-11.5688,20.091667,242,2026,-413495.333
18.459649486111108,-69.91668709722222,-11.5687,20.100000,242,2026,-413485.814
18.459649486111108,-69.91668709722222,-11.5687,20.108333,242,2026,-413464.610
18.459649486111108,-69.91668709722222,-11.5686,20.116667,242,2026,-413435.878
18.459649486111108,-69.9166871,-11.5686,20.125000,242,2026,-413405.678
18.459649486111108,-69.9166871,-11.5685,20.133333,242,2026,-413401.824
18.459649486111108,-69.9166871,-11.5684,20.141667,242,2026,-413422.356
18.459649486111108,-69.9166871,-11.5683,20.150000,242,2026,-413460.478
18.459649486111108,-69.91668710277779,-11.5683,20.158333,242,2026,-413485.216
18.459649486111108,-69.91668710277779,-11.5682,20.166667,242,2026,-413504.857
18.459649486111108,-69.91668710555555,-11.5682,20.175000,242,2026,-413531.025
18.459649486111108,-69.91668710555555,-11.5682,20.183333,242,2026,-413576.763
18.459649486111108,-69.91668710833335,-11.5682,20.191667,242,2026,-413627.125
18.459649486111108,-69.91668711111113,-11.5682,20.200000,242,2026,-413639.657
18.459649486111108,-69.91668711111113,-11.5683,20.208333,242,2026,-413637.445
18.459649486111108,-69.9166871138889,-11.5683,20.216667,242,2026,-413657.976
18.459649486111108,-69.9166871138889,-11.5683,20.225000,242,2026,-413657.975
18.459649486111108,-69.9166871138889,-11.5683,20.233333,242,2026,-413673.487
18.459649483333333,-69.91668711666668,-11.5683,20.241667,242,2026,-413683.350
18.459649486111108,-69.91668711944445,-11.5682,20.250000,242,2026,-413703.880
18.459649486111108,-69.91668712222221,-11.5682,20.258333,242,2026,-413717.980
18.459649486111108,-69.91668712222221,-11.5682,20.266667,242,2026,-413719.622
18.459649483333333,-69.916687125,-11.5682,20.275000,242,2026,-413705.306
18.459649483333333,-69.916687125,-11.5682,20.283333,242,2026,-413669.120
18.459649483333333,-69.91668712777778,-11.5682,20.291667,242,2026,-413652.294
18.459649483333333,-69.91668712777778,-11.5682,20.300000,242,2026,-413639.229
18.459649483333333,-69.91668712777778,-11.5682,20.308333,242,2026,-413624.251
18.459649483333333,-69.91668713055556,-11.5682,20.316667,242,2026,-413592.497
18.459649483333333,-69.91668713055556,-11.5682,20.325000,242,2026,-413576.453
18.459649483333333,-69.91668713055556,-11.5682,20.333333,242,2026,-413558.444
18.459649483333333,-69.91668713055556,-11.5682,20.341667,242,2026,-413558.941
18.459649483333333,-69.91668713333334,-11.5681,20.350000,242,2026,-413571.669
18.459649483333333,-69.91668713333334,-11.5681,20.358333,242,2026,-413616.698
18.459649483333333,-69.91668713333334,-11.568,20.366667,242,2026,-413679.282
18.459649483333333,-69.91668713333334,-11.568,20.375000,242,2026,-413745.807
18.459649483333333,-69.91668713333334,-11.5679,20.383333,242,2026,-413796.279
18.459649480555555,-69.91668713333334,-11.5679,20.391667,242,2026,-413823.652
18.459649480555555,-69.91668713333334,-11.5679,20.400000,242,2026,-413824.437
18.459649480555555,-69.91668713333334,-11.5679,20.408333,242,2026,-413822.737
18.459649480555555,-69.91668713611114,-11.5679,20.416667,242,2026,-413807.704
18.459649480555555,-69.91668713611114,-11.5679,20.425000,242,2026,-413792.492
18.459649480555555,-69.91668713611114,-11.5679,20.433333,242,2026,-413754.321
18.459649480555555,-69.91668713611114,-11.5679,20.441667,242,2026,-413736.858
18.459649477777777,-69.91668713611114,-11.5679,20.450000,242,2026,-413728.912
18.459649477777777,-69.91668713611114,-11.5679,20.458333,242,2026,-413691.512
18.459649477777777,-69.91668713611114,-11.5679,20.466667,242,2026,-413659.575
18.459649477777777,-69.91668713611114,-11.5679,20.475000,242,2026,-413602.992
18.459649477777777,-69.91668713888889,-11.5679,20.483333,242,2026,-413562.970
18.459649477777777,-69.91668713888889,-11.5678,20.491667,242,2026,-413502.303
18.459649477777777,-69.91668713888889,-11.5678,20.500000,242,2026,-413471.908
18.459649477777777,-69.91668714166669,-11.5678,20.508333,242,2026,-413498.967
18.459649477777777,-69.91668714166669,-11.5677,20.516667,242,2026,-413521.419
18.459649477777777,-69.91668714166669,-11.5677,20.525000,242,2026,-413553.683
18.459649477777777,-69.91668714166669,-11.5677,20.533333,242,2026,-413598.950
18.459649477777777,-69.91668714166669,-11.5677,20.541667,242,2026,-413631.716
18.459649477777777,-69.91668714166669,-11.5677,20.550000,242,2026,-413659.929
18.459649477777777,-69.91668714166669,-11.5677,20.558333,242,2026,-413704.245
18.459649477777777,-69.91668714444445,-11.5676,20.566667,242,2026,-413767.842
18.459649477777777,-69.91668714444445,-11.5676,20.575000,242,2026,-413827.778
18.459649477777777,-69.91668714444445,-11.5675,20.583333,242,2026,-413822.067
18.459649477777777,-69.91668714444445,-11.5674,20.591667,242,2026,-413790.445
18.459649477777777,-69.91668714444445,-11.5673,20.600000,242,2026,-413721.385
18.459649477777777,-69.91668714444445,-11.5672,20.608333,242,2026,-413640.115
18.459649477777777,-69.91668714444445,-11.5671,20.616667,242,2026,-413565.769
18.459649477777777,-69.91668714444445,-11.5671,20.625000,242,2026,-413484.593
18.459649477777777,-69.91668714444445,-11.5671,20.633333,242,2026,-413434.975
18.459649477777777,-69.91668714444445,-11.5671,20.641667,242,2026,-413461.686
18.459649480555555,-69.91668714722223,-11.5671,20.650000,242,2026,-413507.741
18.459649480555555,-69.91668714722223,-11.5671,20.658333,242,2026,-413531.717
18.459649480555555,-69.91668714722223,-11.5672,20.666667,242,2026,-413534.365
18.459649480555555,-69.91668714722223,-11.5672,20.675000,242,2026,-413546.231
18.459649480555555,-69.91668714722223,-11.5673,20.683333,242,2026,-413561.151
18.459649480555555,-69.91668714722223,-11.5675,20.691667,242,2026,-413570.118
18.459649480555555,-69.91668714722223,-11.5676,20.700000,242,2026,-413568.016
18.459649480555555,-69.91668715,-11.5677,20.708333,242,2026,-413567.689
18.459649480555555,-69.91668715,-11.5679,20.716667,242,2026,-413558.080
18.459649480555555,-69.91668715,-11.5681,20.725000,242,2026,-413561.877
18.459649480555555,-69.91668715,-11.5684,20.733333,242,2026,-413565.422
18.459649480555555,-69.91668715277778,-11.5686,20.741667,242,2026,-413546.784
18.459649480555555,-69.91668715277778,-11.5688,20.750000,242,2026,-413549.365
18.459649480555555,-69.91668715277778,-11.569,20.758333,242,2026,-413565.874
18.459649480555555,-69.91668715277778,-11.5692,20.766667,242,2026,-413578.188
18.459649480555555,-69.91668715277778,-11.5694,20.775000,242,2026,-413571.721
18.459649483333333,-69.91668715277778,-11.5695,20.783333,242,2026,-413571.560
18.459649483333333,-69.91668715277778,-11.5697,20.791667,242,2026,-413567.375
18.459649483333333,-69.91668715555558,-11.5699,20.800000,242,2026,-413608.788
18.459649483333333,-69.91668715555558,-11.5701,20.808333,242,2026,-413637.062
18.459649483333333,-69.91668715555558,-11.5703,20.816667,242,2026,-413694.577
18.459649483333333,-69.91668715555558,-11.5705,20.825000,242,2026,-413736.351
18.459649483333333,-69.91668715555558,-11.5707,20.833333,242,2026,-413800.410
18.459649483333333,-69.91668715833333,-11.5708,20.841667,242,2026,-413837.650
18.459649483333333,-69.91668715833333,-11.571,20.850000,242,2026,-413799.273
18.459649483333333,-69.91668715833333,-11.5711,20.858333,242,2026,-413759.584
18.459649483333333,-69.91668715833333,-11.5712,20.866667,242,2026,-413732.605
18.459649483333333,-69.91668715833333,-11.5713,20.875000,242,2026,-413741.389
18.459649483333333,-69.91668715555558,-11.5715,20.883333,242,2026,-413773.786
18.459649483333333,-69.91668715833333,-11.5716,20.891667,242,2026,-413815.027
18.459649483333333,-69.91668715833333,-11.5717,20.900000,242,2026,-413837.179
18.459649483333333,-69.91668715833333,-11.5718,20.908333,242,2026,-413873.988
18.459649483333333,-69.91668715833333,-11.572,20.916667,242,2026,-413890.369
18.459649483333333,-69.91668715833333,-11.5721,20.925000,242,2026,-413877.398
18.459649483333333,-69.91668716111111,-11.5722,20.933333,242,2026,-413858.532
18.459649483333333,-69.91668716111111,-11.5723,20.941667,242,2026,-413813.006
18.459649483333333,-69.91668716111111,-11.5725,20.950000,242,2026,-413804.857
18.459649483333333,-69.91668716111111,-11.5727,20.958333,242,2026,-413755.772
18.459649483333333,-69.91668716111111,-11.5728,20.966667,242,2026,-413714.750
18.459649483333333,-69.91668716111111,-11.5729,20.975000,242,2026,-413664.416
18.459649486111108,-69.91668716111111,-11.573,20.983333,242,2026,-413625.624
18.459649486111108,-69.91668716111111,-11.5731,20.991667,242,2026,-413586.961
18.459649486111108,-69.9166871638889,-11.5731,21.000000,242,2026,-413529.857
18.459649486111108,-69.9166871638889,-11.5732,21.008333,242,2026,-413513.420
18.459649486111108,-69.9166871638889,-11.5734,21.016667,242,2026,-413505.573
18.459649486111108,-69.9166871638889,-11.5734,21.025000,242,2026,-413492.924
18.459649486111108,-69.9166871638889,-11.5734,21.033333,242,2026,-413451.083
18.459649486111108,-69.9166871638889,-11.5735,21.041667,242,2026,-413444.562
18.459649486111108,-69.9166871638889,-11.5736,21.050000,242,2026,-413422.923
18.459649486111108,-69.9166871638889,-11.5737,21.058333,242,2026,-413385.849
18.459649486111108,-69.9166871638889,-11.5738,21.066667,242,2026,-413342.800
18.459649486111108,-69.9166871638889,-11.5739,21.075000,242,2026,-413322.253
18.459649486111108,-69.9166871638889,-11.574,21.083333,242,2026,-413331.829
18.459649486111108,-69.91668716666668,-11.5741,21.091667,242,2026,-413328.525
18.459649486111108,-69.91668716666668,-11.5742,21.100000,242,2026,-413331.102
18.459649486111108,-69.91668716666668,-11.5743,21.108333,242,2026,-413321.714
18.459649486111108,-69.91668716666668,-11.5745,21.116667,242,2026,-413311.845
18.459649486111108,-69.91668716666668,-11.5747,21.125000,242,2026,-413303.514
18.459649486111108,-69.91668716944443,-11.5748,21.133333,242,2026,-413347.461
18.459649486111108,-69.91668716944443,-11.5749,21.141667,242,2026,-413371.560
18.459649486111108,-69.91668716944443,-11.575,21.150000,242,2026,-413377.812
18.459649486111108,-69.91668717222221,-11.5751,21.158333,242,2026,-413414.951
18.459649486111108,-69.91668717222221,-11.5752,21.166667,242,2026,-413436.446
18.459649486111108,-69.91668717500002,-11.5754,21.175000,242,2026,-413444.770
18.459649486111108,-69.91668717500002,-11.5755,21.183333,242,2026,-413467.287
18.459649486111108,-69.91668717500002,-11.5756,21.191667,242,2026,-413510.467
18.459649486111108,-69.91668717777779,-11.5757,21.200000,242,2026,-413527.017
18.459649486111108,-69.91668718055557,-11.5758,21.208333,242,2026,-413545.593
18.459649486111108,-69.91668718055557,-11.5759,21.216667,242,2026,-413605.879
18.459649486111108,-69.91668718333334,-11.5761,21.225000,242,2026,-413648.223
18.459649486111108,-69.91668718333334,-11.5762,21.233333,242,2026,-413661.351
18.459649486111108,-69.91668718333334,-11.5763,21.241667,242,2026,-413644.824
18.459649486111108,-69.91668718611112,-11.5764,21.250000,242,2026,-413692.686
18.459649486111108,-69.91668718611112,-11.5765,21.258333,242,2026,-413738.512
18.459649486111108,-69.91668718611112,-11.5766,21.266667,242,2026,-413801.280
18.459649486111108,-69.91668718611112,-11.5767,21.275000,242,2026,-413809.742
18.459649486111108,-69.9166871888889,-11.5767,21.283333,242,2026,-413765.666
18.459649486111108,-69.9166871888889,-11.5768,21.291667,242,2026,-413692.052
18.459649486111108,-69.91668719166667,-11.5769,21.300000,242,2026,-413624.037
18.459649486111108,-69.91668719166667,-11.5769,21.308333,242,2026,-413557.344
18.459649486111108,-69.91668719166667,-11.5769,21.316667,242,2026,-413526.339
18.459649486111108,-69.91668719444445,-11.5769,21.325000,242,2026,-413549.155
18.459649486111108,-69.91668719444445,-11.577,21.333333,242,2026,-413579.057
18.459649486111108,-69.91668719444445,-11.577,21.341667,242,2026,-413622.658
18.459649486111108,-69.91668719722223,-11.5771,21.350000,242,2026,-413679.465
18.459649486111108,-69.91668719722223,-11.5772,21.358333,242,2026,-413692.668
18.459649486111108,-69.91668719722223,-11.5772,21.366667,242,2026,-413702.532
18.459649486111108,-69.91668719722223,-11.5773,21.375000,242,2026,-413692.482
18.459649486111108,-69.91668719722223,-11.5774,21.383333,242,2026,-413634.885
18.459649486111108,-69.91668719722223,-11.5774,21.391667,242,2026,-413578.200
18.459649486111108,-69.91668719722223,-11.5776,21.400000,242,2026,-413543.632
18.459649483333333,-69.91668719722223,-11.5776,21.408333,242,2026,-413513.696
18.459649483333333,-69.91668719722223,-11.5777,21.416667,242,2026,-413474.545
18.459649483333333,-69.91668719722223,-11.5777,21.425000,242,2026,-413421.821
18.459649483333333,-69.91668719722223,-11.5778,21.433333,242,2026,-413350.887
18.459649483333333,-69.91668719722223,-11.5779,21.441667,242,2026,-413273.261
18.459649483333333,-69.91668719722223,-11.578,21.450000,242,2026,-413218.215
18.459649483333333,-69.91668719722223,-11.578,21.458333,242,2026,-413174.263
18.459649483333333,-69.91668720000001,-11.5781,21.466667,242,2026,-413126.694
18.459649483333333,-69.91668720000001,-11.5781,21.475000,242,2026,-413083.910
18.459649483333333,-69.91668720000001,-11.5782,21.483333,242,2026,-413039.951
18.459649483333333,-69.91668720000001,-11.5784,21.491667,242,2026,-412978.108
18.459649483333333,-69.91668720000001,-11.5784,21.500000,242,2026,-412974.087
18.459649483333333,-69.91668720000001,-11.5785,21.508333,242,2026,-413015.333
18.459649483333333,-69.91668720277781,-11.5786,21.516667,242,2026,-413085.188
18.459649483333333,-69.91668720277781,-11.5788,21.525000,242,2026,-413136.446
18.459649483333333,-69.91668720277781,-11.579,21.533333,242,2026,-413199.121
18.459649483333333,-69.91668720277781,-11.5791,21.541667,242,2026,-413241.034
18.459649483333333,-69.91668720277781,-11.5792,21.550000,242,2026,-413261.756
18.459649483333333,-69.91668720277781,-11.5793,21.558333,242,2026,-413257.048
18.459649483333333,-69.91668720277781,-11.5795,21.566667,242,2026,-413262.270
18.459649483333333,-69.91668720277781,-11.5796,21.575000,242,2026,-413282.357
18.459649480555555,-69.91668720555558,-11.5797,21.583333,242,2026,-413305.849
18.459649480555555,-69.91668720555558,-11.5799,21.591667,242,2026,-413328.923
18.459649480555555,-69.91668720555558,-11.58,21.600000,242,2026,-413334.732
18.459649480555555,-69.91668720555558,-11.5801,21.608333,242,2026,-413342.696
18.459649480555555,-69.91668720555558,-11.5803,21.616667,242,2026,-413368.455
18.459649480555555,-69.91668720555558,-11.5805,21.625000,242,2026,-413402.745
18.459649480555555,-69.91668720555558,-11.5806,21.633333,242,2026,-413457.630
18.459649480555555,-69.91668720555558,-11.5806,21.641667,242,2026,-413507.457
18.459649480555555,-69.91668720555558,-11.5807,21.650000,242,2026,-413507.711
18.459649480555555,-69.91668720555558,-11.5808,21.658333,242,2026,-413477.611
18.459649477777777,-69.91668720555558,-11.5808,21.666667,242,2026,-413477.976
18.459649477777777,-69.91668720555558,-11.5809,21.675000,242,2026,-413493.490
18.459649477777777,-69.91668720555558,-11.581,21.683333,242,2026,-413511.958
18.459649477777777,-69.91668720555558,-11.5811,21.691667,242,2026,-413518.875
18.459649477777777,-69.91668720555558,-11.5811,21.700000,242,2026,-413558.185
18.459649477777777,-69.91668720833336,-11.5812,21.708333,242,2026,-413539.707
18.459649477777777,-69.91668720833336,-11.5812,21.716667,242,2026,-413549.620
18.459649477777777,-69.91668720833336,-11.5813,21.725000,242,2026,-413570.049
18.459649477777777,-69.91668720833336,-11.5813,21.733333,242,2026,-413577.173
18.459649477777777,-69.91668720833336,-11.5814,21.741667,242,2026,-413563.231
18.459649477777777,-69.91668721111112,-11.5814,21.750000,242,2026,-413575.949
18.459649477777777,-69.91668721111112,-11.5815,21.758333,242,2026,-413567.434
18.459649477777777,-69.91668721111112,-11.5815,21.766667,242,2026,-413544.984
18.459649477777777,-69.91668721111112,-11.5815,21.775000,242,2026,-413541.706
18.459649477777777,-69.91668721388889,-11.5815,21.783333,242,2026,-413503.730
18.459649477777777,-69.91668721388889,-11.5815,21.791667,242,2026,-413462.438
18.459649477777777,-69.91668721388889,-11.5815,21.800000,242,2026,-413406.221
18.459649477777777,-69.91668721388889,-11.5816,21.808333,242,2026,-413358.059
18.459649477777777,-69.91668721388889,-11.5816,21.816667,242,2026,-413290.854
18.459649477777777,-69.91668721666667,-11.5815,21.825000,242,2026,-413205.833
18.459649477777777,-69.91668721666667,-11.5815,21.833333,242,2026,-413215.147
18.459649477777777,-69.91668721944446,-11.5815,21.841667,242,2026,-413245.542
18.459649477777777,-69.91668721944446,-11.5815,21.850000,242,2026,-413199.941
18.459649477777777,-69.91668721944446,-11.5815,21.858333,242,2026,-413179.526
18.459649477777777,-69.91668721944446,-11.5815,21.866667,242,2026,-413118.624
18.459649477777777,-69.91668721944446,-11.5814,21.875000,242,2026,-413049.863
18.459649477777777,-69.91668721944446,-11.5814,21.883333,242,2026,-413005.311
18.459649477777777,-69.91668721944446,-11.5814,21.891667,242,2026,-412971.292
18.459649477777777,-69.91668722222222,-11.5814,21.900000,242,2026,-412924.621
18.459649477777777,-69.91668722222222,-11.5814,21.908333,242,2026,-412886.837
18.459649477777777,-69.91668722222222,-11.5813,21.916667,242,2026,-412838.235
18.459649477777777,-69.91668722222222,-11.5813,21.925000,242,2026,-412840.546
18.459649477777777,-69.91668722222222,-11.5813,21.933333,242,2026,-412879.582
18.459649477777777,-69.91668722222222,-11.5812,21.941667,242,2026,-412879.960
18.459649477777777,-69.91668722222222,-11.5812,21.950000,242,2026,-412831.811
18.459649477777777,-69.916687225,-11.5811,21.958333,242,2026,-412819.436
18.459649477777777,-69.916687225,-11.5811,21.966667,242,2026,-412794.405
18.459649477777777,-69.916687225,-11.581,21.975000,242,2026,-412730.774
18.459649477777777,-69.916687225,-11.581,21.983333,242,2026,-412672.982
18.459649477777777,-69.916687225,-11.5809,21.991667,242,2026,-412664.475
18.459649477777777,-69.916687225,-11.5809,22.000000,242,2026,-412650.412
18.459649477777777,-69.91668722777779,-11.5809,22.008333,242,2026,-412574.144
18.459649477777777,-69.91668722777779,-11.5809,22.016667,242,2026,-412576.158
18.459649477777777,-69.91668722777779,-11.5808,22.025000,242,2026,-412589.082
18.459649477777777,-69.91668722777779,-11.5808,22.033333,242,2026,-412636.211
18.459649477777777,-69.91668722777779,-11.5807,22.041667,242,2026,-412631.395
18.459649477777777,-69.91668722777779,-11.5807,22.050000,242,2026,-412621.017
18.459649477777777,-69.91668722777779,-11.5807,22.058333,242,2026,-412592.519
18.459649477777777,-69.91668722777779,-11.5806,22.066667,242,2026,-412605.318
18.459649477777777,-69.91668722777779,-11.5806,22.075000,242,2026,-412635.495
18.459649477777777,-69.91668723055557,-11.5805,22.083333,242,2026,-412689.753
18.459649477777777,-69.91668723055557,-11.5805,22.091667,242,2026,-412715.656
18.459649477777777,-69.91668723055557,-11.5804,22.100000,242,2026,-412732.942
18.459649477777777,-69.91668723055557,-11.5803,22.108333,242,2026,-412785.334
18.459649477777777,-69.91668723333333,-11.5802,22.116667,242,2026,-412827.979
18.459649477777777,-69.91668723333333,-11.5801,22.125000,242,2026,-412812.799
18.459649477777777,-69.91668723333333,-11.58,22.133333,242,2026,-412794.773
18.459649477777777,-69.91668723333333,-11.5799,22.141667,242,2026,-412751.492
18.459649477777777,-69.91668723611112,-11.5798,22.150000,242,2026,-412713.510
18.459649477777777,-69.91668723611112,-11.5798,22.158333,242,2026,-412678.499
18.459649477777777,-69.91668723611112,-11.5797,22.166667,242,2026,-412683.616
18.459649477777777,-69.91668723611112,-11.5796,22.175000,242,2026,-412699.706
18.459649477777777,-69.91668723611112,-11.5796,22.183333,242,2026,-412742.149
18.459649477777777,-69.91668723888891,-11.5796,22.191667,242,2026,-412721.102
18.459649477777777,-69.91668723611112,-11.5796,22.200000,242,2026,-412730.215
18.459649477777777,-69.91668723611112,-11.5796,22.208333,242,2026,-412732.739
18.459649477777777,-69.91668723888891,-11.5796,22.216667,242,2026,-412767.160
18.459649474999996,-69.91668723888891,-11.5797,22.225000,242,2026,-412791.772
18.459649474999996,-69.91668723888891,-11.5797,22.233333,242,2026,-412760.578
18.459649474999996,-69.91668723888891,-11.5797,22.241667,242,2026,-412738.977
18.459649474999996,-69.91668723888891,-11.5797,22.250000,242,2026,-412671.396
18.459649474999996,-69.91668723888891,-11.5797,22.258333,242,2026,-412624.391
18.459649474999996,-69.91668723888891,-11.5797,22.266667,242,2026,-412589.559
18.459649474999996,-69.91668723888891,-11.5797,22.275000,242,2026,-412605.385
18.459649474999996,-69.91668723888891,-11.5797,22.283333,242,2026,-412598.200
18.459649474999996,-69.91668724166668,-11.5797,22.291667,242,2026,-412558.627
18.459649474999996,-69.91668724166668,-11.5796,22.300000,242,2026,-412495.961
18.459649474999996,-69.91668724166668,-11.5796,22.308333,242,2026,-412459.354
18.459649474999996,-69.91668724166668,-11.5796,22.316667,242,2026,-412421.901
18.459649474999996,-69.91668724166668,-11.5796,22.325000,242,2026,-412395.520
18.459649474999996,-69.91668724166668,-11.5796,22.333333,242,2026,-412371.882
18.459649474999996,-69.91668724166668,-11.5796,22.341667,242,2026,-412296.529
18.459649474999996,-69.91668724166668,-11.5796,22.350000,242,2026,-412245.426
18.459649474999996,-69.91668724166668,-11.5795,22.358333,242,2026,-412192.949
18.459649474999996,-69.91668724444446,-11.5795,22.366667,242,2026,-412168.536
18.459649474999996,-69.91668724444446,-11.5795,22.375000,242,2026,-412147.061
18.459649474999996,-69.91668724444446,-11.5794,22.383333,242,2026,-412160.090
18.459649474999996,-69.91668724444446,-11.5794,22.391667,242,2026,-412148.808
18.459649474999996,-69.91668724444446,-11.5794,22.400000,242,2026,-412117.765
18.459649474999996,-69.91668724444446,-11.5794,22.408333,242,2026,-412095.901
18.459649474999996,-69.91668724444446,-11.5794,22.416667,242,2026,-412069.203
18.459649474999996,-69.91668724722223,-11.5794,22.425000,242,2026,-412048.224
18.459649474999996,-69.91668724722223,-11.5794,22.433333,242,2026,-412070.882
18.459649474999996,-69.91668724722223,-11.5794,22.441667,242,2026,-412087.994
18.459649474999996,-69.91668724722223,-11.5794,22.450000,242,2026,-412079.098
18.459649474999996,-69.91668724722223,-11.5794,22.458333,242,2026,-412116.084
18.459649474999996,-69.91668724722223,-11.5793,22.466667,242,2026,-412184.026
18.459649474999996,-69.91668724444446,-11.5793,22.475000,242,2026,-412169.843
18.459649474999996,-69.91668724444446,-11.5793,22.483333,242,2026,-412115.321
18.459649474999996,-69.91668724444446,-11.5793,22.491667,242,2026,-412064.423
18.459649474999996,-69.91668724444446,-11.5793,22.500000,242,2026,-411994.122
18.459649474999996,-69.91668724444446,-11.5793,22.508333,242,2026,-412016.044
18.459649474999996,-69.91668724166668,-11.5793,22.516667,242,2026,-412069.035
18.459649474999996,-69.91668724166668,-11.5793,22.525000,242,2026,-412119.772
18.459649474999996,-69.91668724166668,-11.5793,22.533333,242,2026,-412147.877
18.459649474999996,-69.91668724166668,-11.5793,22.541667,242,2026,-412164.196
18.459649474999996,-69.91668724166668,-11.5793,22.550000,242,2026,-412182.572
18.459649474999996,-69.91668724166668,-11.5793,22.558333,242,2026,-412163.424
18.459649474999996,-69.91668723888891,-11.5793,22.566667,242,2026,-412146.529
18.459649477777777,-69.91668723888891,-11.5793,22.575000,242,2026,-412160.031
18.459649477777777,-69.91668723888891,-11.5793,22.583333,242,2026,-412123.546
18.459649477777777,-69.91668723611112,-11.5792,22.591667,242,2026,-412104.767
18.459649477777777,-69.91668723611112,-11.5792,22.600000,242,2026,-412113.580
18.459649477777777,-69.91668723611112,-11.5792,22.608333,242,2026,-412106.671
18.459649477777777,-69.91668723611112,-11.5791,22.616667,242,2026,-412148.491
18.459649477777777,-69.91668723611112,-11.5791,22.625000,242,2026,-412187.704
18.459649477777777,-69.91668723611112,-11.5791,22.633333,242,2026,-412243.666
18.459649477777777,-69.91668723611112,-11.579,22.641667,242,2026,-412293.890
18.459649477777777,-69.91668723611112,-11.579,22.650000,242,2026,-412359.605
18.459649477777777,-69.91668723611112,-11.579,22.658333,242,2026,-412404.408
18.459649477777777,-69.91668723611112,-11.5789,22.666667,242,2026,-412399.120
18.459649477777777,-69.91668723611112,-11.5789,22.675000,242,2026,-412346.560
18.459649477777777,-69.91668723611112,-11.5789,22.683333,242,2026,-412265.229
18.459649477777777,-69.91668723611112,-11.5788,22.691667,242,2026,-412190.427
18.459649477777777,-69.91668723611112,-11.5788,22.700000,242,2026,-412143.011
18.459649477777777,-69.91668723611112,-11.5788,22.708333,242,2026,-412143.040
18.459649477777777,-69.91668723611112,-11.5787,22.716667,242,2026,-412159.141
18.459649477777777,-69.91668723611112,-11.5787,22.725000,242,2026,-412163.300
18.459649477777777,-69.91668723611112,-11.5787,22.733333,242,2026,-412134.554
18.459649477777777,-69.91668723611112,-11.5786,22.741667,242,2026,-412075.011
18.459649477777777,-69.91668723611112,-11.5786,22.750000,242,2026,-412011.510
18.459649477777777,-69.91668723611112,-11.5786,22.758333,242,2026,-412016.518
18.459649477777777,-69.91668723611112,-11.5787,22.766667,242,2026,-412010.536
18.459649477777777,-69.91668723333333,-11.5787,22.775000,242,2026,-411985.611
18.459649477777777,-69.91668723333333,-11.5787,22.783333,242,2026,-411965.742
18.459649477777777,-69.91668723333333,-11.5787,22.791667,242,2026,-411948.557
18.459649477777777,-69.91668723333333,-11.5787,22.800000,242,2026,-411922.659
18.459649477777777,-69.91668723333333,-11.5788,22.808333,242,2026,-411891.794
18.459649477777777,-69.91668723333333,-11.5788,22.816667,242,2026,-411861.609
18.459649477777777,-69.91668723333333,-11.5788,22.825000,242,2026,-411869.612
18.459649477777777,-69.91668723333333,-11.5788,22.833333,242,2026,-411860.405
18.459649477777777,-69.91668723333333,-11.5788,22.841667,242,2026,-411849.556
18.459649477777777,-69.91668723333333,-11.5788,22.850000,242,2026,-411831.816
18.459649477777777,-69.91668723333333,-11.5788,22.858333,242,2026,-411811.320
18.459649477777777,-69.91668723333333,-11.5787,22.866667,242,2026,-411785.398
18.459649477777777,-69.91668723333333,-11.5787,22.875000,242,2026,-411749.876
18.459649477777777,-69.91668723333333,-11.5787,22.883333,242,2026,-411731.073
18.459649474999996,-69.91668723611112,-11.5788,22.891667,242,2026,-411755.942
18.459649474999996,-69.91668723611112,-11.5787,22.900000,242,2026,-411789.856
18.459649474999996,-69.91668723611112,-11.5787,22.908333,242,2026,-411824.893
18.459649474999996,-69.91668723611112,-11.5787,22.916667,242,2026,-411902.382
18.459649474999996,-69.91668723611112,-11.5787,22.925000,242,2026,-411952.141
18.459649474999996,-69.91668723611112,-11.5787,22.933333,242,2026,-411955.007
18.459649474999996,-69.91668723611112,-11.5786,22.941667,242,2026,-411925.447
18.459649474999996,-69.91668723888891,-11.5786,22.950000,242,2026,-411878.633
18.459649474999996,-69.91668723888891,-11.5786,22.958333,242,2026,-411839.746
18.459649474999996,-69.91668723888891,-11.5785,22.966667,242,2026,-411802.141
18.459649474999996,-69.91668723888891,-11.5785,22.975000,242,2026,-411793.483
18.459649474999996,-69.91668723888891,-11.5784,22.983333,242,2026,-411813.108
18.459649474999996,-69.91668723888891,-11.5784,22.991667,242,2026,-411805.805
18.459649474999996,-69.91668723888891,-11.5784,23.000000,242,2026,-411796.295
18.459649474999996,-69.91668723888891,-11.5784,23.008333,242,2026,-411767.037
18.459649474999996,-69.91668723888891,-11.5784,23.016667,242,2026,-411728.256
18.459649474999996,-69.91668723611112,-11.5784,23.025000,242,2026,-411663.318
18.45964947222222,-69.91668723611112,-11.5784,23.033333,242,2026,-411624.497
18.45964947222222,-69.91668723611112,-11.5784,23.041667,242,2026,-411627.059
18.45964947222222,-69.91668723611112,-11.5784,23.050000,242,2026,-411649.337
18.45964947222222,-69.91668723611112,-11.5784,23.058333,242,2026,-411683.575
18.45964947222222,-69.91668723611112,-11.5784,23.066667,242,2026,-411719.920
18.45964947222222,-69.91668723611112,-11.5784,23.075000,242,2026,-411739.547
18.45964947222222,-69.91668723611112,-11.5784,23.083333,242,2026,-411767.746
18.45964947222222,-69.91668723611112,-11.5784,23.091667,242,2026,-411762.129
18.45964947222222,-69.91668723611112,-11.5784,23.100000,242,2026,-411742.333
18.45964947222222,-69.91668723611112,-11.5784,23.108333,242,2026,-411706.157
18.45964947222222,-69.91668723333333,-11.5784,23.116667,242,2026,-411652.350
18.45964947222222,-69.91668723333333,-11.5784,23.125000,242,2026,-411598.804
18.45964947222222,-69.91668723333333,-11.5784,23.133333,242,2026,-411563.109
18.45964947222222,-69.91668723333333,-11.5784,23.141667,242,2026,-411562.511
18.45964947222222,-69.91668723333333,-11.5784,23.150000,242,2026,-411569.062
18.45964947222222,-69.91668723333333,-11.5784,23.158333,242,2026,-411551.234
18.45964947222222,-69.91668723333333,-11.5784,23.166667,242,2026,-411546.543
18.45964947222222,-69.91668723333333,-11.5784,23.175000,242,2026,-411521.553
18.45964947222222,-69.91668723055557,-11.5784,23.183333,242,2026,-411498.005
18.45964947222222,-69.91668723055557,-11.5784,23.191667,242,2026,-411483.664
18.45964947222222,-69.91668723055557,-11.5784,23.200000,242,2026,-411454.395
18.45964947222222,-69.91668723055557,-11.5784,23.208333,242,2026,-411431.228
18.45964947222222,-69.91668723055557,-11.5784,23.216667,242,2026,-411428.120
18.45964947222222,-69.91668723055557,-11.5783,23.225000,242,2026,-411420.896
18.45964947222222,-69.91668723055557,-11.5782,23.233333,242,2026,-411424.788
18.45964947222222,-69.91668723055557,-11.5782,23.241667,242,2026,-411444.651
18.45964947222222,-69.91668723055557,-11.5782,23.250000,242,2026,-411439.060
18.45964947222222,-69.91668723055557,-11.5782,23.258333,242,2026,-411449.604
18.45964947222222,-69.91668723055557,-11.5781,23.266667,242,2026,-411471.983
18.45964947222222,-69.91668723055557,-11.5781,23.275000,242,2026,-411502.386
18.45964947222222,-69.91668723055557,-11.5781,23.283333,242,2026,-411586.507
18.45964947222222,-69.91668723055557,-11.5781,23.291667,242,2026,-411650.176
18.45964947222222,-69.91668723055557,-11.5781,23.300000,242,2026,-411728.382
18.45964947222222,-69.91668722777779,-11.578,23.308333,242,2026,-411771.200
18.45964947222222,-69.91668722777779,-11.578,23.316667,242,2026,-411816.573
18.45964947222222,-69.91668722777779,-11.578,23.325000,242,2026,-411860.501
18.45964947222222,-69.91668722777779,-11.5779,23.333333,242,2026,-411882.166
18.45964947222222,-69.91668722777779,-11.578,23.341667,242,2026,-411885.755
18.45964947222222,-69.91668722777779,-11.578,23.350000,242,2026,-411893.505
18.45964947222222,-69.91668722777779,-11.5779,23.358333,242,2026,-411868.571
18.45964947222222,-69.91668722777779,-11.5779,23.366667,242,2026,-411871.623
18.45964947222222,-69.91668722777779,-11.5779,23.375000,242,2026,-411867.459
18.45964947222222,-69.91668722777779,-11.5779,23.383333,242,2026,-411884.320
18.45964947222222,-69.91668722777779,-11.5779,23.391667,242,2026,-411902.717
18.45964947222222,-69.91668722777779,-11.5779,23.400000,242,2026,-411918.372
18.45964947222222,-69.91668722777779,-11.5779,23.408333,242,2026,-411937.020
18.45964947222222,-69.91668722777779,-11.5779,23.416667,242,2026,-411938.118
18.45964947222222,-69.91668722777779,-11.5779,23.425000,242,2026,-411942.341
18.45964947222222,-69.91668722777779,-11.5779,23.433333,242,2026,-411966.123
18.45964947222222,-69.91668722777779,-11.5779,23.441667,242,2026,-411988.880
18.45964947222222,-69.91668722777779,-11.5779,23.450000,242,2026,-412041.605
18.45964947222222,-69.91668722777779,-11.5779,23.458333,242,2026,-412073.641
18.45964947222222,-69.91668722777779,-11.5779,23.466667,242,2026,-412094.670
18.45964947222222,-69.91668722777779,-11.5779,23.475000,242,2026,-412121.830
18.45964947222222,-69.91668722777779,-11.5779,23.483333,242,2026,-412131.466
18.45964947222222,-69.91668722777779,-11.5778,23.491667,242,2026,-412130.836
18.45964947222222,-69.91668722777779,-11.5778,23.500000,242,2026,-412141.437
18.45964947222222,-69.91668722777779,-11.5777,23.508333,242,2026,-412168.962
18.45964947222222,-69.91668722777779,-11.5777,23.516667,242,2026,-412195.670
18.45964947222222,-69.91668722777779,-11.5777,23.525000,242,2026,-412231.216
18.45964947222222,-69.91668722777779,-11.5777,23.533333,242,2026,-412280.412
18.45964947222222,-69.91668722777779,-11.5777,23.541667,242,2026,-412311.547
18.45964947222222,-69.91668722777779,-11.5778,23.550000,242,2026,-412337.846
18.45964947222222,-69.91668722777779,-11.5778,23.558333,242,2026,-412372.029
18.459649469444443,-69.91668722777779,-11.5778,23.566667,242,2026,-412413.267
18.459649469444443,-69.91668722777779,-11.5779,23.575000,242,2026,-412450.348
18.459649469444443,-69.91668722777779,-11.5779,23.583333,242,2026,-412467.168
18.459649469444443,-69.91668722777779,-11.5779,23.591667,242,2026,-412475.452
18.459649469444443,-69.91668722777779,-11.578,23.600000,242,2026,-412502.197
18.459649469444443,-69.91668722777779,-11.578,23.608333,242,2026,-412549.575
18.459649469444443,-69.91668722777779,-11.578,23.616667,242,2026,-412605.217
18.459649469444443,-69.91668722777779,-11.578,23.625000,242,2026,-412685.632
18.459649469444443,-69.91668722777779,-11.5781,23.633333,242,2026,-412744.762
18.459649469444443,-69.91668722777779,-11.5781,23.641667,242,2026,-412775.504
18.459649469444443,-69.91668722777779,-11.578,23.650000,242,2026,-412771.578
18.459649469444443,-69.91668722777779,-11.578,23.658333,242,2026,-412738.559
18.459649469444443,-69.91668722777779,-11.578,23.666667,242,2026,-412693.421
18.459649469444443,-69.91668722777779,-11.578,23.675000,242,2026,-412646.281
18.459649469444443,-69.91668722777779,-11.578,23.683333,242,2026,-412608.237
18.459649469444443,-69.91668722777779,-11.578,23.691667,242,2026,-412590.018
18.459649469444443,-69.91668722777779,-11.578,23.700000,242,2026,-412587.561
18.459649469444443,-69.91668722777779,-11.578,23.708333,242,2026,-412596.684
18.459649469444443,-69.91668722777779,-11.578,23.716667,242,2026,-412601.063
18.459649469444443,-69.91668722777779,-11.578,23.725000,242,2026,-412578.607
18.459649469444443,-69.91668722777779,-11.578,23.733333,242,2026,-412567.835
18.459649469444443,-69.91668722777779,-11.578,23.741667,242,2026,-412577.663
18.459649469444443,-69.91668722777779,-11.5781,23.750000,242,2026,-412609.603
18.459649469444443,-69.91668722777779,-11.5781,23.758333,242,2026,-412638.321
18.459649469444443,-69.91668722777779,-11.5781,23.766667,242,2026,-412665.115
18.459649469444443,-69.91668722777779,-11.5781,23.775000,242,2026,-412667.839
18.459649469444443,-69.91668722777779,-11.5781,23.783333,242,2026,-412639.985
18.459649469444443,-69.91668722777779,-11.5781,23.791667,242,2026,-412667.488
18.459649469444443,-69.91668722777779,-11.5781,23.800000,242,2026,-412709.889
18.459649469444443,-69.91668722777779,-11.5781,23.808333,242,2026,-412740.574
18.459649469444443,-69.91668722777779,-11.5782,23.816667,242,2026,-412731.993
18.459649469444443,-69.91668722777779,-11.5781,23.825000,242,2026,-412701.986
18.459649469444443,-69.91668722777779,-11.5781,23.833333,242,2026,-412650.587
18.459649469444443,-69.916687225,-11.5781,23.841667,242,2026,-412580.901
18.459649469444443,-69.916687225,-11.5781,23.850000,242,2026,-412489.903
18.459649469444443,-69.916687225,-11.5781,23.858333,242,2026,-412480.614
18.459649469444443,-69.916687225,-11.5781,23.866667,242,2026,-412496.130
18.459649469444443,-69.916687225,-11.5781,23.875000,242,2026,-412537.853
18.459649469444443,-69.916687225,-11.5781,23.883333,242,2026,-412554.498
18.459649469444443,-69.916687225,-11.5781,23.891667,242,2026,-412568.289
18.459649469444443,-69.916687225,-11.5781,23.900000,242,2026,-412608.020
18.459649469444443,-69.916687225,-11.5781,23.908333,242,2026,-412671.036
18.459649469444443,-69.916687225,-11.5782,23.916667,242,2026,-412725.958
18.459649469444443,-69.916687225,-11.5782,23.925000,242,2026,-412784.775
18.459649469444443,-69.91668722222222,-11.5782,23.933333,242,2026,-412827.730
18.459649469444443,-69.91668722222222,-11.5782,23.941667,242,2026,-412856.966
18.459649469444443,-69.91668722222222,-11.5782,23.950000,242,2026,-412910.598
18.459649469444443,-69.91668722222222,-11.5782,23.958333,242,2026,-412947.763
18.459649469444443,-69.91668722222222,-11.5781,23.966667,242,2026,-412989.782
18.459649469444443,-69.91668722222222,-11.5781,23.975000,242,2026,-413059.870
18.459649469444443,-69.91668722222222,-11.5781,23.983333,242,2026,-413125.231
18.459649469444443,-69.91668722222222,-11.578,23.991667,242,2026,-413124.649
18.459649469444443,-69.91668722222222,-11.5781,0.000000,243,2026,-413131.619
18.459649469444443,-69.91668722222222,-11.5781,0.008333,243,2026,-413122.967
18.459649469444443,-69.91668722222222,-11.578,0.016667,243,2026,-413111.715
18.459649469444443,-69.91668722222222,-11.578,0.025000,243,2026,-413094.367
18.459649469444443,-69.91668722222222,-11.578,0.033333,243,2026,-413083.820
18.459649469444443,-69.91668722222222,-11.578,0.041667,243,2026,-413035.897
18.459649469444443,-69.91668722222222,-11.578,0.050000,243,2026,-412972.587
18.459649469444443,-69.91668722222222,-11.578,0.058333,243,2026,-412915.716
18.459649469444443,-69.91668722222222,-11.578,0.066667,243,2026,-412846.178
18.459649466666665,-69.91668722222222,-11.578,0.075000,243,2026,-412775.774
18.459649466666665,-69.91668722222222,-11.5779,0.083333,243,2026,-412735.153
18.459649466666665,-69.91668722222222,-11.5779,0.091667,243,2026,-412723.067
18.459649466666665,-69.91668722222222,-11.5779,0.100000,243,2026,-412701.440
18.459649466666665,-69.91668722222222,-11.578,0.108333,243,2026,-412669.127
18.459649466666665,-69.91668722222222,-11.5779,0.116667,243,2026,-412688.229
18.459649466666665,-69.91668722222222,-11.5779,0.125000,243,2026,-412701.193
18.459649466666665,-69.91668722222222,-11.578,0.133333,243,2026,-412710.830
18.459649466666665,-69.91668722222222,-11.578,0.141667,243,2026,-412700.139
18.459649466666665,-69.91668722222222,-11.578,0.150000,243,2026,-412667.668
18.459649466666665,-69.91668722222222,-11.578,0.158333,243,2026,-412642.723
18.459649466666665,-69.91668722222222,-11.578,0.166667,243,2026,-412594.108
18.459649466666665,-69.91668721944446,-11.578,0.175000,243,2026,-412555.766
18.459649466666665,-69.91668721944446,-11.5781,0.183333,243,2026,-412528.568
18.459649466666665,-69.91668721944446,-11.5781,0.191667,243,2026,-412488.764
18.459649466666665,-69.91668721944446,-11.5782,0.200000,243,2026,-412444.400
18.459649466666665,-69.91668721944446,-11.5782,0.208333,243,2026,-412417.148
18.459649466666665,-69.91668721944446,-11.5782,0.216667,243,2026,-412361.914
18.459649466666665,-69.91668721944446,-11.5782,0.225000,243,2026,-412310.778
18.459649466666665,-69.91668721944446,-11.5782,0.233333,243,2026,-412262.445
18.459649466666665,-69.91668721944446,-11.5783,0.241667,243,2026,-412230.887
18.459649466666665,-69.91668721944446,-11.5783,0.250000,243,2026,-412191.884
18.459649466666665,-69.91668721944446,-11.5782,0.258333,243,2026,-412170.597
18.459649466666665,-69.91668721944446,-11.5782,0.266667,243,2026,-412145.459
18.459649466666665,-69.91668721944446,-11.5782,0.275000,243,2026,-412117.331
18.459649466666665,-69.91668721944446,-11.5782,0.283333,243,2026,-412091.204
18.459649466666665,-69.91668721944446,-11.5782,0.291667,243,2026,-412066.175
18.459649466666665,-69.91668721944446,-11.5782,0.300000,243,2026,-412031.861
18.459649466666665,-69.91668721944446,-11.5782,0.308333,243,2026,-412000.685
18.459649466666665,-69.91668721666667,-11.5782,0.316667,243,2026,-411960.618
18.459649466666665,-69.91668721666667,-11.5782,0.325000,243,2026,-411910.668
18.459649466666665,-69.91668721666667,-11.5782,0.333333,243,2026,-411858.184
18.459649466666665,-69.91668721666667,-11.5781,0.341667,243,2026,-411826.841
18.459649466666665,-69.91668721666667,-11.5781,0.350000,243,2026,-411790.163
18.459649466666665,-69.91668721666667,-11.5781,0.358333,243,2026,-411764.599
18.459649466666665,-69.91668721666667,-11.5781,0.366667,243,2026,-411745.423
18.459649466666665,-69.91668721666667,-11.5781,0.375000,243,2026,-411743.294
18.459649466666665,-69.91668721666667,-11.5781,0.383333,243,2026,-411769.383
18.459649466666665,-69.91668721666667,-11.5781,0.391667,243,2026,-411786.248
18.459649466666665,-69.91668721666667,-11.5781,0.400000,243,2026,-411798.093
18.459649466666665,-69.91668721666667,-11.578,0.408333,243,2026,-411841.548
18.459649466666665,-69.91668721666667,-11.578,0.416667,243,2026,-411861.837
18.459649466666665,-69.91668721666667,-11.578,0.425000,243,2026,-411874.601
18.459649466666665,-69.91668721666667,-11.578,0.433333,243,2026,-411874.760
18.459649466666665,-69.91668721666667,-11.578,0.441667,243,2026,-411868.259
18.459649466666665,-69.91668721388889,-11.578,0.450000,243,2026,-411872.134
18.459649466666665,-69.91668721388889,-11.578,0.458333,243,2026,-411865.721
18.459649466666665,-69.91668721388889,-11.5781,0.466667,243,2026,-411861.707
18.459649466666665,-69.91668721388889,-11.5781,0.475000,243,2026,-411856.833
18.459649466666665,-69.91668721388889,-11.5781,0.483333,243,2026,-411872.073
18.459649466666665,-69.91668721388889,-11.5781,0.491667,243,2026,-411902.889
18.459649466666665,-69.91668721388889,-11.5781,0.500000,243,2026,-411921.290
18.459649466666665,-69.91668721388889,-11.5781,0.508333,243,2026,-411948.348
18.459649466666665,-69.91668721388889,-11.5781,0.516667,243,2026,-411990.925
18.459649466666665,-69.91668721388889,-11.5781,0.525000,243,2026,-412022.499
18.459649466666665,-69.91668721388889,-11.5781,0.533333,243,2026,-412048.533
18.459649466666665,-69.91668721388889,-11.5781,0.541667,243,2026,-412083.715
18.459649463888887,-69.91668721388889,-11.5781,0.550000,243,2026,-412119.898
18.459649463888887,-69.91668721388889,-11.5781,0.558333,243,2026,-412191.324
18.459649463888887,-69.91668721388889,-11.5781,0.566667,243,2026,-412242.363
18.459649463888887,-69.91668721388889,-11.5781,0.575000,243,2026,-412293.378
18.459649463888887,-69.91668721388889,-11.5782,0.583333,243,2026,-412321.309
18.459649463888887,-69.91668721388889,-11.5782,0.591667,243,2026,-412350.974
18.459649463888887,-69.91668721388889,-11.5781,0.600000,243,2026,-412397.760
18.459649463888887,-69.91668721388889,-11.5781,0.608333,243,2026,-412434.867
18.459649463888887,-69.91668721388889,-11.5781,0.616667,243,2026,-412507.131
18.459649463888887,-69.91668721388889,-11.5781,0.625000,243,2026,-412588.355
18.459649463888887,-69.91668721388889,-11.5781,0.633333,243,2026,-412669.495
18.459649463888887,-69.91668721388889,-11.5781,0.641667,243,2026,-412648.802
18.459649463888887,-69.91668721388889,-11.5781,0.650000,243,2026,-412571.487
18.459649463888887,-69.91668721388889,-11.5781,0.658333,243,2026,-412581.806
18.459649463888887,-69.91668721388889,-11.5781,0.666667,243,2026,-412570.029
18.459649463888887,-69.91668721388889,-11.5781,0.675000,243,2026,-412576.056
18.459649463888887,-69.91668721388889,-11.5782,0.683333,243,2026,-412580.579
18.459649463888887,-69.91668721388889,-11.5782,0.691667,243,2026,-412567.873
18.459649463888887,-69.91668721388889,-11.5782,0.700000,243,2026,-412551.224
18.459649463888887,-69.91668721388889,-11.5782,0.708333,243,2026,-412541.246
18.459649463888887,-69.91668721388889,-11.5782,0.716667,243,2026,-412499.454
18.459649463888887,-69.91668721388889,-11.5782,0.725000,243,2026,-412443.037
18.459649463888887,-69.91668721388889,-11.5783,0.733333,243,2026,-412385.945
18.459649463888887,-69.91668721388889,-11.5783,0.741667,243,2026,-412345.381
18.459649463888887,-69.91668721388889,-11.5783,0.750000,243,2026,-412309.094
18.459649463888887,-69.91668721388889,-11.5783,0.758333,243,2026,-412255.216
18.459649463888887,-69.91668721388889,-11.5783,0.766667,243,2026,-412242.876
18.459649463888887,-69.91668721388889,-11.5783,0.775000,243,2026,-412232.430
18.459649463888887,-69.91668721388889,-11.5783,0.783333,243,2026,-412202.536
18.459649463888887,-69.91668721388889,-11.5782,0.791667,243,2026,-412175.577
18.459649463888887,-69.91668721388889,-11.5782,0.800000,243,2026,-412151.280
18.459649463888887,-69.91668721388889,-11.5782,0.808333,243,2026,-412120.807
18.459649463888887,-69.91668721388889,-11.5782,0.816667,243,2026,-412089.789
18.45964946111111,-69.91668721388889,-11.5782,0.825000,243,2026,-412050.012
18.45964946111111,-69.91668721388889,-11.5782,0.833333,243,2026,-412017.385
18.45964946111111,-69.91668721388889,-11.5782,0.841667,243,2026,-412009.163
18.45964946111111,-69.91668721111112,-11.5782,0.850000,243,2026,-411994.672
18.45964946111111,-69.91668721111112,-11.5782,0.858333,243,2026,-411957.669
18.45964946111111,-69.91668721111112,-11.5782,0.866667,243,2026,-411903.498
18.45964946111111,-69.91668721111112,-11.5782,0.875000,243,2026,-411857.340
18.45964946111111,-69.91668721111112,-11.5782,0.883333,243,2026,-411822.513
18.45964946111111,-69.91668721111112,-11.5782,0.891667,243,2026,-411786.577
18.45964946111111,-69.91668721111112,-11.5782,0.900000,243,2026,-411729.067
18.45964946111111,-69.91668721111112,-11.5782,0.908333,243,2026,-411692.972
18.45964946111111,-69.91668721111112,-11.5782,0.916667,243,2026,-411691.375
18.45964946111111,-69.91668721111112,-11.5782,0.925000,243,2026,-411677.948
18.45964946111111,-69.91668721111112,-11.5782,0.933333,243,2026,-411649.342
18.45964946111111,-69.91668721111112,-11.5781,0.941667,243,2026,-411620.361
18.45964946111111,-69.91668721111112,-11.5781,0.950000,243,2026,-411617.807
18.45964946111111,-69.91668721111112,-11.5781,0.958333,243,2026,-411644.496
18.45964946111111,-69.91668721111112,-11.5781,0.966667,243,2026,-411650.084
18.45964946111111,-69.91668721111112,-11.5781,0.975000,243,2026,-411664.759
18.45964946111111,-69.91668721111112,-11.5782,0.983333,243,2026,-411679.078
18.45964946111111,-69.91668721111112,-11.5782,0.991667,243,2026,-411697.433
18.45964946111111,-69.91668721111112,-11.5782,1.000000,243,2026,-411713.954
18.45964946111111,-69.91668721111112,-11.5782,1.008333,243,2026,-411718.078
18.45964946111111,-69.91668721111112,-11.5782,1.016667,243,2026,-411705.534
18.45964946111111,-69.91668721111112,-11.5781,1.025000,243,2026,-411709.442
18.45964946111111,-69.91668721111112,-11.5781,1.033333,243,2026,-411725.729
18.45964946111111,-69.91668721111112,-11.5781,1.041667,243,2026,-411764.660
18.45964946111111,-69.91668721111112,-11.5781,1.050000,243,2026,-411798.199
18.45964946111111,-69.91668721111112,-11.5781,1.058333,243,2026,-411816.246
18.45964946111111,-69.91668721111112,-11.578,1.066667,243,2026,-411813.404
18.45964946111111,-69.91668721111112,-11.578,1.075000,243,2026,-411809.434
18.45964946111111,-69.91668721111112,-11.578,1.083333,243,2026,-411800.781
18.45964946111111,-69.91668721111112,-11.5779,1.091667,243,2026,-411783.528
18.45964946111111,-69.91668721111112,-11.5778,1.100000,243,2026,-411762.666
18.45964946111111,-69.91668721111112,-11.5778,1.108333,243,2026,-411757.158
18.45964946111111,-69.91668721111112,-11.5778,1.116667,243,2026,-411739.564
18.45964946111111,-69.91668721111112,-11.5777,1.125000,243,2026,-411713.659
18.45964946111111,-69.91668721111112,-11.5777,1.133333,243,2026,-411692.739
18.45964946111111,-69.91668721111112,-11.5777,1.141667,243,2026,-411700.095
18.45964946111111,-69.91668721111112,-11.5776,1.150000,243,2026,-411702.793
18.45964946111111,-69.91668721111112,-11.5776,1.158333,243,2026,-411706.480
18.45964946111111,-69.91668721111112,-11.5776,1.166667,243,2026,-411707.535
18.45964946111111,-69.91668721111112,-11.5776,1.175000,243,2026,-411710.146
18.45964946111111,-69.91668721111112,-11.5775,1.183333,243,2026,-411747.209
18.45964946111111,-69.91668721111112,-11.5775,1.191667,243,2026,-411785.954
18.45964946111111,-69.91668721111112,-11.5775,1.200000,243,2026,-411821.899
18.45964946111111,-69.91668721111112,-11.5774,1.208333,243,2026,-411845.619
18.45964946111111,-69.91668721111112,-11.5774,1.216667,243,2026,-411874.778
18.45964946111111,-69.91668721111112,-11.5774,1.225000,243,2026,-411918.998
18.45964946111111,-69.91668721111112,-11.5774,1.233333,243,2026,-411943.469
18.45964946111111,-69.91668721111112,-11.5774,1.241667,243,2026,-411970.015
18.45964946111111,-69.91668721388889,-11.5774,1.250000,243,2026,-411995.261
18.45964946111111,-69.91668721388889,-11.5774,1.258333,243,2026,-412035.774
18.459649458333327,-69.91668721388889,-11.5774,1.266667,243,2026,-412102.839
18.459649458333327,-69.91668721388889,-11.5774,1.275000,243,2026,-412152.249
18.459649458333327,-69.91668721388889,-11.5773,1.283333,243,2026,-412224.672
18.459649458333327,-69.91668721388889,-11.5773,1.291667,243,2026,-412281.534
18.459649458333327,-69.91668721388889,-11.5773,1.300000,243,2026,-412303.438
18.459649458333327,-69.91668721388889,-11.5773,1.308333,243,2026,-412310.778
18.459649458333327,-69.91668721388889,-11.5773,1.316667,243,2026,-412324.567
18.459649458333327,-69.91668721388889,-11.5773,1.325000,243,2026,-412320.577
18.459649458333327,-69.91668721388889,-11.5773,1.333333,243,2026,-412296.983
18.459649458333327,-69.91668721388889,-11.5773,1.341667,243,2026,-412266.817
18.459649458333327,-69.91668721388889,-11.5773,1.350000,243,2026,-412256.737
18.459649458333327,-69.91668721388889,-11.5772,1.358333,243,2026,-412247.383
18.459649458333327,-69.91668721388889,-11.5772,1.366667,243,2026,-412236.615
18.459649458333327,-69.91668721388889,-11.5772,1.375000,243,2026,-412216.296
18.459649458333327,-69.91668721388889,-11.5772,1.383333,243,2026,-412181.967
18.459649458333327,-69.91668721388889,-11.5772,1.391667,243,2026,-412143.398
18.459649458333327,-69.91668721388889,-11.5772,1.400000,243,2026,-412106.175
18.459649458333327,-69.91668721388889,-11.5772,1.408333,243,2026,-412094.983
18.459649458333327,-69.91668721388889,-11.5773,1.416667,243,2026,-412104.415
18.459649458333327,-69.91668721388889,-11.5773,1.425000,243,2026,-412108.574
18.459649455555553,-69.91668721388889,-11.5773,1.433333,243,2026,-412152.438
18.459649455555553,-69.91668721388889,-11.5773,1.441667,243,2026,-412195.290
18.459649455555553,-69.91668721388889,-11.5774,1.450000,243,2026,-412246.024
18.459649455555553,-69.91668721388889,-11.5774,1.458333,243,2026,-412282.862
18.459649455555553,-69.91668721388889,-11.5774,1.466667,243,2026,-412334.399
18.459649455555553,-69.91668721388889,-11.5774,1.475000,243,2026,-412369.967
18.459649455555553,-69.91668721388889,-11.5774,1.483333,243,2026,-412391.564
18.459649455555553,-69.91668721388889,-11.5774,1.491667,243,2026,-412422.083
18.459649455555553,-69.91668721388889,-11.5774,1.500000,243,2026,-412457.053
18.459649455555553,-69.91668721388889,-11.5774,1.508333,243,2026,-412489.612
18.459649455555553,-69.91668721388889,-11.5775,1.516667,243,2026,-412523.684
18.459649455555553,-69.91668721388889,-11.5775,1.525000,243,2026,-412557.142
18.459649455555553,-69.91668721388889,-11.5775,1.533333,243,2026,-412570.325
18.459649455555553,-69.91668721388889,-11.5775,1.541667,243,2026,-412606.390
18.459649455555553,-69.91668721388889,-11.5776,1.550000,243,2026,-412630.503
18.459649455555553,-69.91668721388889,-11.5776,1.558333,243,2026,-412640.936
18.459649455555553,-69.91668721388889,-11.5776,1.566667,243,2026,-412646.874
18.459649455555553,-69.91668721388889,-11.5777,1.575000,243,2026,-412650.211
18.459649455555553,-69.91668721388889,-11.5777,1.583333,243,2026,-412629.416
18.459649455555553,-69.91668721388889,-11.5777,1.591667,243,2026,-412615.814
18.459649455555553,-69.91668721388889,-11.5777,1.600000,243,2026,-412581.696
18.459649455555553,-69.91668721388889,-11.5777,1.608333,243,2026,-412534.995
18.459649455555553,-69.91668721111112,-11.5777,1.616667,243,2026,-412503.242
18.459649455555553,-69.91668721111112,-11.5778,1.625000,243,2026,-412497.621
18.459649455555553,-69.91668721111112,-11.5778,1.633333,243,2026,-412494.842
18.459649455555553,-69.91668721111112,-11.5778,1.641667,243,2026,-412469.626
18.459649455555553,-69.91668721111112,-11.5778,1.650000,243,2026,-412458.834
18.459649452777775,-69.91668721111112,-11.5778,1.658333,243,2026,-412435.878
18.459649452777775,-69.91668721111112,-11.5778,1.666667,243,2026,-412391.558
18.459649452777775,-69.91668721111112,-11.5779,1.675000,243,2026,-412342.685
18.459649452777775,-69.91668721111112,-11.5779,1.683333,243,2026,-412324.892
18.459649452777775,-69.91668721111112,-11.5779,1.691667,243,2026,-412301.693
18.459649452777775,-69.91668721111112,-11.578,1.700000,243,2026,-412300.031
18.459649452777775,-69.91668721111112,-11.578,1.708333,243,2026,-412306.482
18.459649452777775,-69.91668721111112,-11.578,1.716667,243,2026,-412303.447
18.459649452777775,-69.91668721111112,-11.578,1.725000,243,2026,-412273.185
18.459649452777775,-69.91668721111112,-11.5781,1.733333,243,2026,-412262.499
18.459649452777775,-69.91668721111112,-11.5781,1.741667,243,2026,-412246.673
18.459649452777775,-69.91668721111112,-11.5781,1.750000,243,2026,-412231.296
18.459649452777775,-69.91668721111112,-11.5782,1.758333,243,2026,-412224.279
18.459649452777775,-69.91668721111112,-11.5782,1.766667,243,2026,-412245.547
18.459649452777775,-69.91668721111112,-11.5782,1.775000,243,2026,-412260.327
18.459649452777775,-69.91668721111112,-11.5782,1.783333,243,2026,-412263.067
18.459649452777775,-69.91668721111112,-11.5783,1.791667,243,2026,-412277.457
18.459649452777775,-69.91668721111112,-11.5783,1.800000,243,2026,-412286.433
18.459649452777775,-69.91668721111112,-11.5783,1.808333,243,2026,-412300.186
18.459649452777775,-69.91668721111112,-11.5783,1.816667,243,2026,-412338.572
18.459649452777775,-69.91668721111112,-11.5784,1.825000,243,2026,-412404.078
18.459649452777775,-69.91668721111112,-11.5784,1.833333,243,2026,-412432.428
18.459649452777775,-69.91668721111112,-11.5784,1.841667,243,2026,-412401.588
18.459649452777775,-69.91668721111112,-11.5784,1.850000,243,2026,-412343.248
18.459649452777775,-69.91668721111112,-11.5784,1.858333,243,2026,-412285.471
18.459649452777775,-69.91668721111112,-11.5785,1.866667,243,2026,-412207.002
18.459649452777775,-69.91668721111112,-11.5785,1.875000,243,2026,-412137.538
18.459649452777775,-69.91668721111112,-11.5784,1.883333,243,2026,-412091.525
18.45964945,-69.91668721111112,-11.5784,1.891667,243,2026,-412021.699
18.45964945,-69.91668721111112,-11.5784,1.900000,243,2026,-411945.770
18.45964945,-69.91668721111112,-11.5784,1.908333,243,2026,-411884.565
18.45964945,-69.91668721111112,-11.5785,1.916667,243,2026,-411843.608
18.45964945,-69.91668721111112,-11.5785,1.925000,243,2026,-411803.950
18.45964945,-69.91668721111112,-11.5785,1.933333,243,2026,-411781.938
18.45964945,-69.91668721111112,-11.5784,1.941667,243,2026,-411751.120
18.45964945,-69.91668721111112,-11.5785,1.950000,243,2026,-411696.344
18.45964945,-69.91668721111112,-11.5785,1.958333,243,2026,-411643.135
18.45964945,-69.91668721111112,-11.5785,1.966667,243,2026,-411605.412
18.45964945,-69.91668721111112,-11.5785,1.975000,243,2026,-411576.673
18.45964945,-69.91668721111112,-11.5785,1.983333,243,2026,-411560.760
18.45964945,-69.91668721111112,-11.5786,1.991667,243,2026,-411523.949
18.45964945,-69.91668721111112,-11.5786,2.000000,243,2026,-411451.539
18.45964945,-69.91668721111112,-11.5786,2.008333,243,2026,-411366.730
18.45964945,-69.91668721111112,-11.5787,2.016667,243,2026,-411292.890
18.45964945,-69.91668721111112,-11.5787,2.025000,243,2026,-411224.556
18.45964945,-69.91668721111112,-11.5787,2.033333,243,2026,-411139.925
18.45964945,-69.91668721111112,-11.5787,2.041667,243,2026,-411048.495
18.45964945,-69.91668721111112,-11.5787,2.050000,243,2026,-410992.202
18.45964945,-69.91668721111112,-11.5788,2.058333,243,2026,-410954.495
18.45964945,-69.91668721111112,-11.5788,2.066667,243,2026,-410933.026
18.45964945,-69.91668721111112,-11.5788,2.075000,243,2026,-410903.409
18.45964945,-69.91668721111112,-11.5788,2.083333,243,2026,-410878.955
18.45964945,-69.91668721111112,-11.5789,2.091667,243,2026,-410846.671
18.45964945,-69.91668721111112,-11.5789,2.100000,243,2026,-410834.143
18.45964945,-69.91668721111112,-11.5789,2.108333,243,2026,-410819.871
18.459649447222223,-69.91668721111112,-11.5789,2.116667,243,2026,-410811.245
18.459649447222223,-69.91668721388889,-11.5789,2.125000,243,2026,-410808.554
18.459649447222223,-69.91668721388889,-11.5789,2.133333,243,2026,-410801.444
18.459649447222223,-69.91668721388889,-11.5789,2.141667,243,2026,-410800.252
18.459649447222223,-69.91668721388889,-11.579,2.150000,243,2026,-410773.635
18.459649447222223,-69.91668721388889,-11.579,2.158333,243,2026,-410743.846
18.459649447222223,-69.91668721388889,-11.579,2.166667,243,2026,-410726.539
18.459649447222223,-69.91668721388889,-11.579,2.175000,243,2026,-410738.565
18.459649447222223,-69.91668721388889,-11.579,2.183333,243,2026,-410756.310
18.459649447222223,-69.91668721388889,-11.579,2.191667,243,2026,-410769.132
18.459649447222223,-69.91668721388889,-11.579,2.200000,243,2026,-410766.680
18.459649447222223,-69.91668721388889,-11.5791,2.208333,243,2026,-410767.761
18.459649447222223,-69.91668721388889,-11.5791,2.216667,243,2026,-410776.522
18.459649447222223,-69.91668721388889,-11.5791,2.225000,243,2026,-410853.133
18.459649447222223,-69.91668721388889,-11.5792,2.233333,243,2026,-410917.467
18.459649447222223,-69.91668721388889,-11.5792,2.241667,243,2026,-410971.594
18.459649447222223,-69.91668721388889,-11.5792,2.250000,243,2026,-411005.367
18.459649447222223,-69.91668721388889,-11.5793,2.258333,243,2026,-411036.031
18.459649447222223,-69.91668721388889,-11.5793,2.266667,243,2026,-411100.495
18.459649444444445,-69.91668721388889,-11.5793,2.275000,243,2026,-411154.903
18.459649444444445,-69.91668721388889,-11.5793,2.283333,243,2026,-411229.764
18.459649444444445,-69.91668721388889,-11.5793,2.291667,243,2026,-411308.784
18.459649444444445,-69.91668721388889,-11.5793,2.300000,243,2026,-411346.418
18.459649444444445,-69.91668721388889,-11.5792,2.308333,243,2026,-411334.890
18.459649444444445,-69.91668721388889,-11.5792,2.316667,243,2026,-411306.259
18.459649444444445,-69.91668721388889,-11.5792,2.325000,243,2026,-411275.939
18.459649444444445,-69.91668721388889,-11.5791,2.333333,243,2026,-411260.686
18.459649444444445,-69.91668721388889,-11.5791,2.341667,243,2026,-411244.757
18.459649444444445,-69.91668721388889,-11.5791,2.350000,243,2026,-411231.195
18.459649444444445,-69.91668721388889,-11.579,2.358333,243,2026,-411201.998
18.459649444444445,-69.91668721388889,-11.5791,2.366667,243,2026,-411150.934
18.459649444444445,-69.91668721388889,-11.579,2.375000,243,2026,-411113.804
18.459649444444445,-69.91668721388889,-11.579,2.383333,243,2026,-411075.044
18.459649444444445,-69.91668721388889,-11.579,2.391667,243,2026,-411017.353
18.459649444444445,-69.91668721388889,-11.579,2.400000,243,2026,-410952.484
18.459649444444445,-69.91668721388889,-11.579,2.408333,243,2026,-410886.085
18.459649444444445,-69.91668721388889,-11.579,2.416667,243,2026,-410824.216
18.459649444444445,-69.91668721388889,-11.579,2.425000,243,2026,-410754.626
18.459649444444445,-69.91668721388889,-11.579,2.433333,243,2026,-410673.922
18.459649444444445,-69.91668721388889,-11.579,2.441667,243,2026,-410647.426
18.459649444444445,-69.91668721388889,-11.579,2.450000,243,2026,-410633.214
18.459649444444445,-69.91668721388889,-11.579,2.458333,243,2026,-410649.347
18.459649444444445,-69.91668721388889,-11.579,2.466667,243,2026,-410662.916
18.459649444444445,-69.91668721388889,-11.579,2.475000,243,2026,-410671.990
18.459649444444445,-69.91668721388889,-11.579,2.483333,243,2026,-410665.430
18.459649444444445,-69.91668721388889,-11.579,2.491667,243,2026,-410639.269
18.459649444444445,-69.91668721388889,-11.5789,2.500000,243,2026,-410606.780
18.459649444444445,-69.91668721388889,-11.5789,2.508333,243,2026,-410585.866
18.459649444444445,-69.91668721388889,-11.579,2.516667,243,2026,-410568.568
18.459649444444445,-69.91668721388889,-11.579,2.525000,243,2026,-410574.149
18.459649444444445,-69.91668721388889,-11.579,2.533333,243,2026,-410593.119
18.459649444444445,-69.91668721388889,-11.579,2.541667,243,2026,-410603.708
18.459649441666663,-69.91668721388889,-11.579,2.550000,243,2026,-410624.066
18.459649441666663,-69.91668721388889,-11.579,2.558333,243,2026,-410639.129
18.459649441666663,-69.91668721388889,-11.5791,2.566667,243,2026,-410651.338
18.459649441666663,-69.91668721388889,-11.5791,2.575000,243,2026,-410675.497
18.459649441666663,-69.91668721388889,-11.5791,2.583333,243,2026,-410712.749
18.459649441666663,-69.91668721388889,-11.5792,2.591667,243,2026,-410730.028
18.459649441666663,-69.91668721388889,-11.5792,2.600000,243,2026,-410750.144
18.459649441666663,-69.91668721388889,-11.5792,2.608333,243,2026,-410739.690
18.459649441666663,-69.91668721388889,-11.5793,2.616667,243,2026,-410698.282
18.459649441666663,-69.91668721388889,-11.5793,2.625000,243,2026,-410658.893
18.459649441666663,-69.91668721388889,-11.5793,2.633333,243,2026,-410628.793
18.459649441666663,-69.91668721388889,-11.5794,2.641667,243,2026,-410615.249
18.459649441666663,-69.91668721388889,-11.5794,2.650000,243,2026,-410605.279
18.459649441666663,-69.91668721388889,-11.5794,2.658333,243,2026,-410576.359
18.459649441666663,-69.91668721388889,-11.5794,2.666667,243,2026,-410555.645
18.459649441666663,-69.91668721388889,-11.5794,2.675000,243,2026,-410547.282
18.459649441666663,-69.91668721388889,-11.5793,2.683333,243,2026,-410541.748
18.459649441666663,-69.91668721388889,-11.5793,2.691667,243,2026,-410518.309
18.459649441666663,-69.91668721388889,-11.5793,2.700000,243,2026,-410490.051
18.459649441666663,-69.91668721388889,-11.5792,2.708333,243,2026,-410462.416
18.459649441666663,-69.91668721388889,-11.5792,2.716667,243,2026,-410437.355
18.459649441666663,-69.91668721388889,-11.5792,2.725000,243,2026,-410409.464
18.459649441666663,-69.91668721388889,-11.5791,2.733333,243,2026,-410388.758
18.459649441666663,-69.91668721388889,-11.5791,2.741667,243,2026,-410373.878
18.459649441666663,-69.91668721388889,-11.5791,2.750000,243,2026,-410354.858
18.459649441666663,-69.91668721388889,-11.579,2.758333,243,2026,-410336.845
18.459649441666663,-69.91668721388889,-11.579,2.766667,243,2026,-410304.856
18.459649441666663,-69.91668721388889,-11.579,2.775000,243,2026,-410274.026
18.459649441666663,-69.91668721388889,-11.5789,2.783333,243,2026,-410258.262
18.459649441666663,-69.91668721388889,-11.5789,2.791667,243,2026,-410247.292
18.459649441666663,-69.91668721388889,-11.5789,2.800000,243,2026,-410220.448
18.459649441666663,-69.91668721388889,-11.5789,2.808333,243,2026,-410181.652
18.459649441666663,-69.91668721388889,-11.5789,2.816667,243,2026,-410131.792
18.459649441666663,-69.91668721388889,-11.5788,2.825000,243,2026,-410122.917
18.459649441666663,-69.91668721388889,-11.5788,2.833333,243,2026,-410126.956
18.459649441666663,-69.91668721388889,-11.5788,2.841667,243,2026,-410139.660
18.459649441666663,-69.91668721388889,-11.5788,2.850000,243,2026,-410152.902
18.459649441666663,-69.91668721388889,-11.5787,2.858333,243,2026,-410155.738
18.459649441666663,-69.91668721388889,-11.5787,2.866667,243,2026,-410140.671
18.459649441666663,-69.91668721388889,-11.5787,2.875000,243,2026,-410141.047
18.459649441666663,-69.91668721388889,-11.5786,2.883333,243,2026,-410133.303
18.459649441666663,-69.91668721388889,-11.5786,2.891667,243,2026,-410152.934
18.459649441666663,-69.91668721388889,-11.5786,2.900000,243,2026,-410175.729
18.459649441666663,-69.91668721388889,-11.5786,2.908333,243,2026,-410191.929
18.459649441666663,-69.91668721388889,-11.5785,2.916667,243,2026,-410196.670
18.459649441666663,-69.91668721388889,-11.5785,2.925000,243,2026,-410223.597
18.459649441666663,-69.91668721666667,-11.5785,2.933333,243,2026,-410238.784
18.459649441666663,-69.91668721666667,-11.5785,2.941667,243,2026,-410279.795
18.459649441666663,-69.91668721666667,-11.5785,2.950000,243,2026,-410322.247
18.459649441666663,-69.91668721666667,-11.5785,2.958333,243,2026,-410334.420
18.459649441666663,-69.91668721666667,-11.5785,2.966667,243,2026,-410329.464
18.459649441666663,-69.91668721666667,-11.5785,2.975000,243,2026,-410318.722
18.459649441666663,-69.91668721666667,-11.5785,2.983333,243,2026,-410314.462
18.459649441666663,-69.91668721666667,-11.5785,2.991667,243,2026,-410324.594
18.459649441666663,-69.91668721666667,-11.5785,3.000000,243,2026,-410357.663
18.459649441666663,-69.91668721666667,-11.5784,3.008333,243,2026,-410418.242
18.459649441666663,-69.91668721666667,-11.5784,3.016667,243,2026,-410463.545
18.459649441666663,-69.91668721666667,-11.5784,3.025000,243,2026,-410482.567
18.459649441666663,-69.91668721666667,-11.5785,3.033333,243,2026,-410485.397
18.459649441666663,-69.91668721666667,-11.5785,3.041667,243,2026,-410499.508
18.459649441666663,-69.91668721666667,-11.5785,3.050000,243,2026,-410545.903
18.459649441666663,-69.91668721666667,-11.5785,3.058333,243,2026,-410579.437
18.459649441666663,-69.91668721666667,-11.5785,3.066667,243,2026,-410603.812
18.459649441666663,-69.91668721666667,-11.5785,3.075000,243,2026,-410625.298
18.459649441666663,-69.91668721666667,-11.5786,3.083333,243,2026,-410635.854
18.459649441666663,-69.91668721666667,-11.5785,3.091667,243,2026,-410653.849
18.459649441666663,-69.91668721666667,-11.5786,3.100000,243,2026,-410656.895
18.459649441666663,-69.91668721666667,-11.5786,3.108333,243,2026,-410671.549
18.459649441666663,-69.91668721666667,-11.5785,3.116667,243,2026,-410701.507
18.459649441666663,-69.91668721666667,-11.5785,3.125000,243,2026,-410735.148
18.459649441666663,-69.91668721666667,-11.5785,3.133333,243,2026,-410750.354
18.459649441666663,-69.91668721666667,-11.5785,3.141667,243,2026,-410765.311
18.459649441666663,-69.91668721666667,-11.5785,3.150000,243,2026,-410774.030
18.459649441666663,-69.91668721666667,-11.5784,3.158333,243,2026,-410786.516
18.459649441666663,-69.91668721666667,-11.5784,3.166667,243,2026,-410824.070
18.459649441666663,-69.91668721666667,-11.5784,3.175000,243,2026,-410870.210
18.459649441666663,-69.91668721666667,-11.5783,3.183333,243,2026,-410902.635
18.459649441666663,-69.91668721666667,-11.5783,3.191667,243,2026,-410932.992
18.459649441666663,-69.91668721666667,-11.5782,3.200000,243,2026,-410985.768
18.459649441666663,-69.91668721666667,-11.5782,3.208333,243,2026,-411049.866
18.459649441666663,-69.91668721666667,-11.5781,3.216667,243,2026,-411122.738
18.459649441666663,-69.91668721666667,-11.5781,3.225000,243,2026,-411206.205
18.459649441666663,-69.91668721666667,-11.5781,3.233333,243,2026,-411291.151
18.459649441666663,-69.91668721666667,-11.5781,3.241667,243,2026,-411376.988
18.459649441666663,-69.91668721666667,-11.5781,3.250000,243,2026,-411462.409
18.459649441666663,-69.91668721666667,-11.578,3.258333,243,2026,-411531.040
18.459649441666663,-69.91668721666667,-11.578,3.266667,243,2026,-411582.407
18.459649441666663,-69.91668721666667,-11.578,3.275000,243,2026,-411608.633
18.459649441666663,-69.91668721666667,-11.578,3.283333,243,2026,-411625.608
18.459649441666663,-69.91668721666667,-11.578,3.291667,243,2026,-411647.552
18.459649441666663,-69.91668721666667,-11.578,3.300000,243,2026,-411691.670
18.459649441666663,-69.91668721666667,-11.578,3.308333,243,2026,-411747.337
18.459649441666663,-69.91668721666667,-11.5781,3.316667,243,2026,-411826.398
18.459649441666663,-69.91668721666667,-11.5781,3.325000,243,2026,-411883.001
18.459649441666663,-69.91668721666667,-11.5782,3.333333,243,2026,-411912.738
18.459649441666663,-69.91668721666667,-11.5782,3.341667,243,2026,-411919.958
18.459649441666663,-69.91668721666667,-11.5782,3.350000,243,2026,-411921.837
18.459649441666663,-69.91668721666667,-11.5782,3.358333,243,2026,-411929.212
18.459649441666663,-69.91668721666667,-11.5783,3.366667,243,2026,-411960.431
18.459649441666663,-69.91668721666667,-11.5783,3.375000,243,2026,-412009.292
18.459649441666663,-69.91668721666667,-11.5783,3.383333,243,2026,-412051.746
18.459649441666663,-69.91668721666667,-11.5783,3.391667,243,2026,-412086.521
18.459649441666663,-69.91668721666667,-11.5783,3.400000,243,2026,-412115.017
18.459649441666663,-69.91668721666667,-11.5783,3.408333,243,2026,-412146.096
18.459649441666663,-69.91668721666667,-11.5783,3.416667,243,2026,-412146.755
18.459649441666663,-69.91668721666667,-11.5783,3.425000,243,2026,-412134.318
18.459649441666663,-69.91668721666667,-11.5783,3.433333,243,2026,-412137.505
18.459649441666663,-69.91668721666667,-11.5783,3.441667,243,2026,-412137.405
18.459649441666663,-69.91668721666667,-11.5783,3.450000,243,2026,-412144.850
18.459649441666663,-69.91668721666667,-11.5783,3.458333,243,2026,-412160.658
18.459649441666663,-69.91668721666667,-11.5783,3.466667,243,2026,-412187.072
18.459649441666663,-69.91668721666667,-11.5784,3.475000,243,2026,-412187.539
18.459649441666663,-69.91668721666667,-11.5784,3.483333,243,2026,-412158.858
18.459649441666663,-69.91668721666667,-11.5783,3.491667,243,2026,-412136.860
18.459649441666663,-69.91668721666667,-11.5783,3.500000,243,2026,-412108.069
18.459649441666663,-69.91668721666667,-11.5783,3.508333,243,2026,-412090.351
18.459649441666663,-69.91668721666667,-11.5783,3.516667,243,2026,-412105.050
18.459649441666663,-69.91668721666667,-11.5783,3.525000,243,2026,-412119.345
18.459649441666663,-69.91668721666667,-11.5783,3.533333,243,2026,-412142.377
18.459649441666663,-69.91668721666667,-11.5783,3.541667,243,2026,-412138.691
18.459649441666663,-69.91668721666667,-11.5783,3.550000,243,2026,-412109.098
18.459649441666663,-69.91668721666667,-11.5783,3.558333,243,2026,-412070.375
18.459649441666663,-69.91668721666667,-11.5783,3.566667,243,2026,-412019.074
18.459649441666663,-69.91668721666667,-11.5783,3.575000,243,2026,-411953.670
18.459649441666663,-69.91668721666667,-11.5783,3.583333,243,2026,-411904.000
18.459649441666663,-69.91668721666667,-11.5783,3.591667,243,2026,-411867.644
18.459649441666663,-69.91668721666667,-11.5783,3.600000,243,2026,-411816.989
18.459649441666663,-69.91668721666667,-11.5782,3.608333,243,2026,-411761.095
18.459649441666663,-69.91668721666667,-11.5782,3.616667,243,2026,-411741.541
18.459649441666663,-69.91668721666667,-11.5782,3.625000,243,2026,-411766.063
18.459649441666663,-69.91668721666667,-11.5782,3.633333,243,2026,-411782.229
18.45964943888889,-69.91668721666667,-11.5782,3.641667,243,2026,-411754.875
18.45964943888889,-69.91668721666667,-11.5782,3.650000,243,2026,-411719.391
18.45964943888889,-69.91668721666667,-11.5782,3.658333,243,2026,-411687.492
18.45964943888889,-69.91668721666667,-11.5781,3.666667,243,2026,-411660.015
18.45964943888889,-69.91668721666667,-11.5781,3.675000,243,2026,-411649.394
18.45964943888889,-69.91668721666667,-11.5781,3.683333,243,2026,-411638.916
18.45964943888889,-69.91668721666667,-11.578,3.691667,243,2026,-411641.559
18.45964943888889,-69.91668721666667,-11.578,3.700000,243,2026,-411651.860
18.45964943888889,-69.91668721666667,-11.578,3.708333,243,2026,-411646.585
18.45964943888889,-69.91668721666667,-11.5779,3.716667,243,2026,-411627.383
18.45964943888889,-69.91668721666667,-11.5779,3.725000,243,2026,-411594.376
18.45964943888889,-69.91668721666667,-11.5779,3.733333,243,2026,-411573.376
18.45964943888889,-69.91668721388889,-11.5779,3.741667,243,2026,-411536.226
18.45964943888889,-69.91668721388889,-11.5778,3.750000,243,2026,-411501.406
18.45964943888889,-69.91668721388889,-11.5778,3.758333,243,2026,-411455.758
18.45964943888889,-69.91668721388889,-11.5778,3.766667,243,2026,-411417.470
18.45964943888889,-69.91668721388889,-11.5778,3.775000,243,2026,-411383.029
18.45964943888889,-69.91668721388889,-11.5778,3.783333,243,2026,-411363.520
18.45964943888889,-69.91668721388889,-11.5778,3.791667,243,2026,-411354.646
18.45964943888889,-69.91668721388889,-11.5778,3.800000,243,2026,-411365.757
18.45964943888889,-69.91668721388889,-11.5778,3.808333,243,2026,-411361.987
18.45964943888889,-69.91668721388889,-11.5778,3.816667,243,2026,-411329.927
18.45964943888889,-69.91668721388889,-11.5778,3.825000,243,2026,-411308.840
18.45964943888889,-69.91668721388889,-11.5778,3.833333,243,2026,-411287.567
18.45964943888889,-69.91668721388889,-11.5777,3.841667,243,2026,-411273.179
18.45964943888889,-69.91668721388889,-11.5777,3.850000,243,2026,-411276.096
18.45964943888889,-69.91668721388889,-11.5777,3.858333,243,2026,-411272.484
18.45964943888889,-69.91668721388889,-11.5777,3.866667,243,2026,-411267.186
18.45964943888889,-69.91668721388889,-11.5777,3.875000,243,2026,-411257.262
18.45964943888889,-69.91668721388889,-11.5777,3.883333,243,2026,-411246.540
18.45964943888889,-69.91668721388889,-11.5777,3.891667,243,2026,-411242.944
18.45964943611111,-69.91668721388889,-11.5777,3.900000,243,2026,-411247.847
18.45964943611111,-69.91668721388889,-11.5777,3.908333,243,2026,-411235.951
18.45964943611111,-69.91668721388889,-11.5776,3.916667,243,2026,-411226.426
18.45964943611111,-69.91668721388889,-11.5776,3.925000,243,2026,-411220.265
18.45964943611111,-69.91668721388889,-11.5776,3.933333,243,2026,-411222.962
18.45964943611111,-69.91668721388889,-11.5776,3.941667,243,2026,-411203.894
18.45964943611111,-69.91668721388889,-11.5775,3.950000,243,2026,-411195.818
18.45964943611111,-69.91668721388889,-11.5775,3.958333,243,2026,-411205.913
18.45964943611111,-69.91668721388889,-11.5775,3.966667,243,2026,-411208.450
18.45964943611111,-69.91668721388889,-11.5775,3.975000,243,2026,-411213.946
18.45964943611111,-69.91668721388889,-11.5775,3.983333,243,2026,-411227.806
18.45964943611111,-69.91668721388889,-11.5775,3.991667,243,2026,-411264.101
18.45964943611111,-69.91668721388889,-11.5775,4.000000,243,2026,-411301.881
18.45964943611111,-69.91668721388889,-11.5775,4.008333,243,2026,-411317.595
18.45964943611111,-69.91668721388889,-11.5775,4.016667,243,2026,-411337.635
18.45964943611111,-69.91668721388889,-11.5775,4.025000,243,2026,-411379.268
18.45964943611111,-69.91668721388889,-11.5774,4.033333,243,2026,-411429.402
18.45964943611111,-69.91668721388889,-11.5775,4.041667,243,2026,-411418.840
18.45964943611111,-69.91668721388889,-11.5775,4.050000,243,2026,-411394.058
18.45964943611111,-69.91668721388889,-11.5774,4.058333,243,2026,-411373.454
18.45964943611111,-69.91668721388889,-11.5774,4.066667,243,2026,-411344.062
18.45964943611111,-69.91668721388889,-11.5774,4.075000,243,2026,-411316.781
18.45964943611111,-69.91668721388889,-11.5774,4.083333,243,2026,-411272.623
18.45964943611111,-69.91668721388889,-11.5774,4.091667,243,2026,-411216.467
18.45964943611111,-69.91668721388889,-11.5774,4.100000,243,2026,-411166.815
18.45964943611111,-69.91668721388889,-11.5773,4.108333,243,2026,-411089.884
18.45964943611111,-69.91668721388889,-11.5773,4.116667,243,2026,-411037.868
18.45964943611111,-69.91668721111112,-11.5773,4.125000,243,2026,-410975.325
18.45964943611111,-69.91668721111112,-11.5773,4.133333,243,2026,-410899.658
18.45964943611111,-69.91668721111112,-11.5773,4.141667,243,2026,-410823.952
18.45964943611111,-69.91668721111112,-11.5773,4.150000,243,2026,-410749.157
18.45964943611111,-69.91668721111112,-11.5773,4.158333,243,2026,-410667.236
18.45964943611111,-69.91668721111112,-11.5773,4.166667,243,2026,-410604.169
18.45964943611111,-69.91668721111112,-11.5773,4.175000,243,2026,-410542.142
18.45964943611111,-69.91668721111112,-11.5773,4.183333,243,2026,-410485.369
18.45964943611111,-69.91668721111112,-11.5773,4.191667,243,2026,-410448.320
18.45964943611111,-69.91668721111112,-11.5773,4.200000,243,2026,-410434.284
18.45964943611111,-69.91668721111112,-11.5773,4.208333,243,2026,-410389.186
18.45964943611111,-69.91668721111112,-11.5773,4.216667,243,2026,-410316.991
18.45964943611111,-69.91668721111112,-11.5773,4.225000,243,2026,-410234.249
18.45964943611111,-69.91668721111112,-11.5773,4.233333,243,2026,-410156.723
18.45964943611111,-69.91668721111112,-11.5774,4.241667,243,2026,-410072.173
18.459649433333333,-69.91668721111112,-11.5774,4.250000,243,2026,-410013.793
18.459649433333333,-69.91668721111112,-11.5774,4.258333,243,2026,-409968.513
18.459649433333333,-69.91668721111112,-11.5774,4.266667,243,2026,-409922.038
18.459649433333333,-69.91668721111112,-11.5774,4.275000,243,2026,-409894.835
18.459649433333333,-69.91668721111112,-11.5774,4.283333,243,2026,-409881.219
18.459649433333333,-69.91668721111112,-11.5774,4.291667,243,2026,-409858.749
18.459649433333333,-69.91668721111112,-11.5775,4.300000,243,2026,-409804.002
18.459649433333333,-69.91668721111112,-11.5775,4.308333,243,2026,-409734.069
18.459649433333333,-69.91668721111112,-11.5775,4.316667,243,2026,-409647.873
18.459649433333333,-69.91668721111112,-11.5776,4.325000,243,2026,-409614.229
18.459649433333333,-69.91668720833336,-11.5776,4.333333,243,2026,-409576.593
18.459649433333333,-69.91668720833336,-11.5776,4.341667,243,2026,-409548.117
18.459649433333333,-69.91668720833336,-11.5776,4.350000,243,2026,-409529.104
18.459649433333333,-69.91668720833336,-11.5776,4.358333,243,2026,-409497.787
18.459649433333333,-69.91668720833336,-11.5777,4.366667,243,2026,-409485.121
18.459649433333333,-69.91668720833336,-11.5777,4.375000,243,2026,-409471.458
18.459649433333333,-69.91668720833336,-11.5777,4.383333,243,2026,-409438.133
18.459649433333333,-69.91668720833336,-11.5777,4.391667,243,2026,-409431.457
18.459649433333333,-69.91668720833336,-11.5778,4.400000,243,2026,-409433.578
18.459649433333333,-69.91668720833336,-11.5778,4.408333,243,2026,-409423.192
18.459649430555555,-69.91668720833336,-11.5778,4.416667,243,2026,-409406.926
18.459649430555555,-69.91668720833336,-11.5778,4.425000,243,2026,-409381.870
18.459649430555555,-69.91668720833336,-11.5778,4.433333,243,2026,-409350.901
18.459649430555555,-69.91668720833336,-11.5778,4.441667,243,2026,-409333.669
18.459649430555555,-69.91668720833336,-11.5778,4.450000,243,2026,-409319.713
18.459649430555555,-69.91668720833336,-11.5778,4.458333,243,2026,-409343.021
18.459649430555555,-69.91668720833336,-11.5778,4.466667,243,2026,-409368.782
18.459649430555555,-69.91668720833336,-11.5778,4.475000,243,2026,-409363.599
18.459649430555555,-69.91668720833336,-11.5779,4.483333,243,2026,-409338.361
18.459649430555555,-69.91668720833336,-11.5779,4.491667,243,2026,-409304.956
18.459649430555555,-69.91668720833336,-11.5779,4.500000,243,2026,-409271.349
18.459649430555555,-69.91668720833336,-11.5779,4.508333,243,2026,-409236.010
18.459649430555555,-69.91668720833336,-11.578,4.516667,243,2026,-409198.988
18.459649430555555,-69.91668720833336,-11.578,4.525000,243,2026,-409139.980
18.459649430555555,-69.91668720833336,-11.578,4.533333,243,2026,-409085.300
18.459649430555555,-69.91668720833336,-11.5781,4.541667,243,2026,-409031.777
18.459649430555555,-69.91668720833336,-11.5781,4.550000,243,2026,-409003.120
18.459649430555555,-69.91668720833336,-11.5781,4.558333,243,2026,-408997.207
18.459649430555555,-69.91668720833336,-11.5781,4.566667,243,2026,-409018.553
18.459649430555555,-69.91668720833336,-11.5782,4.575000,243,2026,-409027.190
18.459649430555555,-69.91668720833336,-11.5782,4.583333,243,2026,-409004.117
18.459649430555555,-69.91668720833336,-11.5782,4.591667,243,2026,-408991.914
18.459649430555555,-69.91668720833336,-11.5782,4.600000,243,2026,-409002.061
18.459649430555555,-69.91668720833336,-11.5783,4.608333,243,2026,-409009.730
18.459649430555555,-69.91668720833336,-11.5783,4.616667,243,2026,-409000.757
18.459649430555555,-69.91668720833336,-11.5784,4.625000,243,2026,-408986.809
18.459649430555555,-69.91668720833336,-11.5784,4.633333,243,2026,-408972.274
18.459649430555555,-69.91668720833336,-11.5784,4.641667,243,2026,-408991.931
18.459649430555555,-69.91668720833336,-11.5785,4.650000,243,2026,-409002.929
18.459649427777777,-69.91668720833336,-11.5785,4.658333,243,2026,-408991.435
18.459649427777777,-69.91668720833336,-11.5785,4.666667,243,2026,-409000.493
18.459649427777777,-69.91668720833336,-11.5785,4.675000,243,2026,-409006.017
18.459649427777777,-69.91668720833336,-11.5786,4.683333,243,2026,-409012.798
18.459649427777777,-69.91668720833336,-11.5786,4.691667,243,2026,-409021.561
18.459649427777777,-69.91668720833336,-11.5786,4.700000,243,2026,-409032.741
18.459649427777777,-69.91668720555558,-11.5786,4.708333,243,2026,-409018.588
18.459649427777777,-69.91668720555558,-11.5786,4.716667,243,2026,-409010.386
18.459649427777777,-69.91668720555558,-11.5786,4.725000,243,2026,-408996.182
18.459649427777777,-69.91668720555558,-11.5787,4.733333,243,2026,-408972.593
18.459649427777777,-69.91668720555558,-11.5787,4.741667,243,2026,-408939.765
18.459649427777777,-69.91668720555558,-11.5787,4.750000,243,2026,-408922.774
18.459649427777777,-69.91668720555558,-11.5787,4.758333,243,2026,-408917.444
18.459649427777777,-69.91668720555558,-11.5787,4.766667,243,2026,-408909.254
18.459649427777777,-69.91668720555558,-11.5787,4.775000,243,2026,-408894.679
18.459649427777777,-69.91668720555558,-11.5787,4.783333,243,2026,-408874.017
18.459649427777777,-69.91668720555558,-11.5788,4.791667,243,2026,-408854.915
18.459649427777777,-69.91668720555558,-11.5788,4.800000,243,2026,-408834.056
18.459649427777777,-69.91668720555558,-11.5788,4.808333,243,2026,-408817.851
18.459649427777777,-69.91668720555558,-11.5788,4.816667,243,2026,-408796.421
18.459649427777777,-69.91668720555558,-11.5789,4.825000,243,2026,-408777.760
18.459649427777777,-69.91668720555558,-11.5789,4.833333,243,2026,-408731.509
18.459649427777777,-69.91668720555558,-11.5789,4.841667,243,2026,-408675.966
18.459649427777777,-69.91668720555558,-11.5789,4.850000,243,2026,-408626.825
18.459649427777777,-69.91668720555558,-11.5789,4.858333,243,2026,-408584.878
18.459649427777777,-69.91668720555558,-11.579,4.866667,243,2026,-408552.785
18.459649427777777,-69.91668720555558,-11.579,4.875000,243,2026,-408512.379
18.459649427777777,-69.91668720555558,-11.579,4.883333,243,2026,-408488.668
18.459649427777777,-69.91668720555558,-11.579,4.891667,243,2026,-408467.280
18.459649427777777,-69.91668720555558,-11.579,4.900000,243,2026,-408460.930
18.459649427777777,-69.91668720555558,-11.579,4.908333,243,2026,-408450.255
18.459649427777777,-69.91668720555558,-11.579,4.916667,243,2026,-408440.168
18.459649427777777,-69.91668720555558,-11.579,4.925000,243,2026,-408439.294
18.459649425,-69.91668720555558,-11.579,4.933333,243,2026,-408434.472
18.459649425,-69.91668720555558,-11.5791,4.941667,243,2026,-408437.392
18.459649425,-69.91668720555558,-11.579,4.950000,243,2026,-408447.959
18.459649425,-69.91668720555558,-11.5791,4.958333,243,2026,-408481.226
18.459649425,-69.91668720555558,-11.5791,4.966667,243,2026,-408535.907
18.459649425,-69.91668720555558,-11.5791,4.975000,243,2026,-408588.173
18.459649425,-69.91668720555558,-11.5791,4.983333,243,2026,-408636.705
18.459649425,-69.91668720555558,-11.5791,4.991667,243,2026,-408671.801
18.459649425,-69.91668720555558,-11.5791,5.000000,243,2026,-408699.376
18.459649425,-69.91668720555558,-11.5791,5.008333,243,2026,-408712.051
18.459649425,-69.91668720555558,-11.5791,5.016667,243,2026,-408730.193
18.459649425,-69.91668720555558,-11.5791,5.025000,243,2026,-408750.805
18.459649425,-69.91668720555558,-11.5791,5.033333,243,2026,-408778.666
18.459649425,-69.91668720555558,-11.5791,5.041667,243,2026,-408806.697
18.459649425,-69.91668720555558,-11.5791,5.050000,243,2026,-408827.234
18.459649425,-69.91668720555558,-11.5791,5.058333,243,2026,-408842.319
18.459649425,-69.91668720555558,-11.5791,5.066667,243,2026,-408877.322
18.459649425,-69.91668720555558,-11.5792,5.075000,243,2026,-408910.852
18.459649425,-69.91668720555558,-11.5792,5.083333,243,2026,-408930.098
18.459649425,-69.91668720555558,-11.5792,5.091667,243,2026,-408933.920
18.459649425,-69.91668720555558,-11.5792,5.100000,243,2026,-408950.816
18.459649425,-69.91668720555558,-11.5792,5.108333,243,2026,-408973.375
18.459649425,-69.91668720555558,-11.5792,5.116667,243,2026,-408984.734
18.459649425,-69.91668720555558,-11.5793,5.125000,243,2026,-408992.513
18.459649425,-69.91668720555558,-11.5793,5.133333,243,2026,-408989.483
18.459649425,-69.91668720555558,-11.5793,5.141667,243,2026,-408984.056
18.459649425,-69.91668720555558,-11.5793,5.150000,243,2026,-408982.157
18.459649425,-69.91668720555558,-11.5793,5.158333,243,2026,-408977.088
18.459649425,-69.91668720555558,-11.5793,5.166667,243,2026,-408988.171
18.459649425,-69.91668720555558,-11.5793,5.175000,243,2026,-409000.487
18.459649425,-69.91668720555558,-11.5793,5.183333,243,2026,-409007.010
18.459649425,-69.91668720555558,-11.5793,5.191667,243,2026,-409002.817
18.459649425,-69.91668720555558,-11.5793,5.200000,243,2026,-408975.865
18.459649425,-69.91668720555558,-11.5793,5.208333,243,2026,-408965.747
18.459649425,-69.91668720555558,-11.5793,5.216667,243,2026,-408983.678
18.459649425,-69.91668720555558,-11.5793,5.225000,243,2026,-409004.679
18.459649425,-69.91668720555558,-11.5793,5.233333,243,2026,-409023.950
18.459649425,-69.91668720555558,-11.5793,5.241667,243,2026,-409055.305
18.459649425,-69.91668720555558,-11.5793,5.250000,243,2026,-409072.074
18.459649425,-69.91668720555558,-11.5793,5.258333,243,2026,-409086.014
18.459649425,-69.91668720555558,-11.5793,5.266667,243,2026,-409082.954
18.459649425,-69.91668720555558,-11.5792,5.275000,243,2026,-409084.105
18.459649425,-69.91668720555558,-11.5792,5.283333,243,2026,-409090.792
18.459649425,-69.91668720555558,-11.5792,5.291667,243,2026,-409099.122
18.459649425,-69.91668720555558,-11.5792,5.300000,243,2026,-409124.361
18.459649425,-69.91668720555558,-11.5793,5.308333,243,2026,-409127.874
18.459649425,-69.91668720555558,-11.5793,5.316667,243,2026,-409135.100
18.459649425,-69.91668720555558,-11.5793,5.325000,243,2026,-409142.889
18.459649425,-69.91668720555558,-11.5792,5.333333,243,2026,-409171.738
18.459649425,-69.91668720555558,-11.5792,5.341667,243,2026,-409201.231
18.459649425,-69.91668720555558,-11.5793,5.350000,243,2026,-409214.268
18.459649425,-69.91668720555558,-11.5793,5.358333,243,2026,-409224.493
18.459649425,-69.91668720555558,-11.5793,5.366667,243,2026,-409245.113
18.459649425,-69.91668720555558,-11.5793,5.375000,243,2026,-409265.250
18.459649425,-69.91668720555558,-11.5793,5.383333,243,2026,-409267.882
18.459649425,-69.91668720555558,-11.5793,5.391667,243,2026,-409284.498
18.459649425,-69.91668720555558,-11.5794,5.400000,243,2026,-409315.441
18.459649425,-69.91668720555558,-11.5794,5.408333,243,2026,-409341.487
18.459649425,-69.91668720555558,-11.5794,5.416667,243,2026,-409402.090
18.459649425,-69.91668720555558,-11.5795,5.425000,243,2026,-409454.519
18.459649425,-69.91668720555558,-11.5795,5.433333,243,2026,-409483.866
18.459649425,-69.91668720555558,-11.5795,5.441667,243,2026,-409507.697
18.459649425,-69.91668720555558,-11.5795,5.450000,243,2026,-409536.412
18.459649425,-69.91668720555558,-11.5795,5.458333,243,2026,-409560.817
18.459649425,-69.91668720555558,-11.5795,5.466667,243,2026,-409591.249
18.459649425,-69.91668720555558,-11.5795,5.475000,243,2026,-409634.805
18.459649425,-69.91668720555558,-11.5795,5.483333,243,2026,-409715.143
18.459649425,-69.91668720555558,-11.5795,5.491667,243,2026,-409800.479
18.459649425,-69.91668720555558,-11.5795,5.500000,243,2026,-409891.177
18.459649425,-69.91668720555558,-11.5795,5.508333,243,2026,-409967.423
18.459649425,-69.91668720555558,-11.5795,5.516667,243,2026,-410027.951
18.459649425,-69.91668720555558,-11.5795,5.525000,243,2026,-410106.667
18.459649425,-69.91668720555558,-11.5795,5.533333,243,2026,-410140.680
18.459649425,-69.91668720555558,-11.5795,5.541667,243,2026,-410152.427
18.459649425,-69.91668720555558,-11.5795,5.550000,243,2026,-410135.345
18.459649425,-69.91668720555558,-11.5795,5.558333,243,2026,-410117.698
18.459649425,-69.91668720555558,-11.5795,5.566667,243,2026,-410103.632
18.459649425,-69.91668720555558,-11.5795,5.575000,243,2026,-410099.736
18.459649425,-69.91668720555558,-11.5795,5.583333,243,2026,-410075.591
18.459649425,-69.91668720555558,-11.5795,5.591667,243,2026,-410057.663
18.459649425,-69.91668720555558,-11.5795,5.600000,243,2026,-410042.373
18.459649425,-69.91668720555558,-11.5795,5.608333,243,2026,-410042.638
18.459649425,-69.91668720555558,-11.5794,5.616667,243,2026,-410038.183
18.459649425,-69.91668720555558,-11.5794,5.625000,243,2026,-410038.070
18.459649425,-69.91668720555558,-11.5794,5.633333,243,2026,-410027.073
18.459649425,-69.91668720555558,-11.5794,5.641667,243,2026,-410030.086
18.459649427777777,-69.91668720277781,-11.5794,5.650000,243,2026,-410024.769
18.459649427777777,-69.91668720277781,-11.5794,5.658333,243,2026,-410000.772
18.459649427777777,-69.91668720277781,-11.5794,5.666667,243,2026,-409982.726
18.459649427777777,-69.91668720277781,-11.5794,5.675000,243,2026,-409963.649
18.459649427777777,-69.91668720277781,-11.5794,5.683333,243,2026,-409938.332
18.459649427777777,-69.91668720277781,-11.5794,5.691667,243,2026,-409906.153
18.459649427777777,-69.91668720277781,-11.5794,5.700000,243,2026,-409867.976
18.459649427777777,-69.91668720277781,-11.5794,5.708333,243,2026,-409834.249
18.459649427777777,-69.91668720277781,-11.5794,5.716667,243,2026,-409798.255
18.459649427777777,-69.91668720277781,-11.5793,5.725000,243,2026,-409751.501
18.459649427777777,-69.91668720277781,-11.5793,5.733333,243,2026,-409705.307
18.459649427777777,-69.91668720277781,-11.5793,5.741667,243,2026,-409655.013
18.459649427777777,-69.91668720277781,-11.5793,5.750000,243,2026,-409598.365
18.459649427777777,-69.91668720277781,-11.5793,5.758333,243,2026,-409556.951
18.459649427777777,-69.91668720277781,-11.5792,5.766667,243,2026,-409508.171
18.459649427777777,-69.91668720277781,-11.5792,5.775000,243,2026,-409457.212
18.459649427777777,-69.91668720277781,-11.5792,5.783333,243,2026,-409405.554
18.459649427777777,-69.91668720277781,-11.5792,5.791667,243,2026,-409380.194
18.459649427777777,-69.91668720277781,-11.5792,5.800000,243,2026,-409365.208
18.459649427777777,-69.91668720277781,-11.5791,5.808333,243,2026,-409352.254
18.459649427777777,-69.91668720277781,-11.5791,5.816667,243,2026,-409337.795
18.459649427777777,-69.91668720277781,-11.5791,5.825000,243,2026,-409336.186
18.459649427777777,-69.91668720277781,-11.5791,5.833333,243,2026,-409346.486
18.459649427777777,-69.91668720277781,-11.5791,5.841667,243,2026,-409352.069
18.459649427777777,-69.91668720000001,-11.5791,5.850000,243,2026,-409348.791
18.459649427777777,-69.91668720000001,-11.579,5.858333,243,2026,-409325.962
18.459649427777777,-69.91668720000001,-11.579,5.866667,243,2026,-409295.898
18.459649427777777,-69.91668720000001,-11.579,5.875000,243,2026,-409267.772
18.459649427777777,-69.91668720000001,-11.579,5.883333,243,2026,-409240.390
18.459649427777777,-69.91668720000001,-11.579,5.891667,243,2026,-409211.094
18.459649427777777,-69.91668720000001,-11.579,5.900000,243,2026,-409188.434
18.459649427777777,-69.91668720000001,-11.579,5.908333,243,2026,-409169.121
18.459649427777777,-69.91668720000001,-11.579,5.916667,243,2026,-409165.123
18.459649427777777,-69.91668720000001,-11.579,5.925000,243,2026,-409146.828
18.459649427777777,-69.91668720000001,-11.579,5.933333,243,2026,-409110.667
18.459649427777777,-69.91668720000001,-11.579,5.941667,243,2026,-409069.913
18.459649427777777,-69.91668720000001,-11.579,5.950000,243,2026,-409035.720
18.459649427777777,-69.91668720000001,-11.579,5.958333,243,2026,-409001.418
18.459649427777777,-69.91668720000001,-11.579,5.966667,243,2026,-408971.855
18.459649427777777,-69.91668720000001,-11.579,5.975000,243,2026,-408970.458
18.459649427777777,-69.91668720000001,-11.579,5.983333,243,2026,-408965.423
18.459649427777777,-69.91668720000001,-11.579,5.991667,243,2026,-408974.393
18.459649427777777,-69.91668720000001,-11.579,6.000000,243,2026,-408982.966
18.459649427777777,-69.91668720000001,-11.579,6.008333,243,2026,-408975.340
18.459649427777777,-69.91668720000001,-11.579,6.016667,243,2026,-408949.094
18.459649427777777,-69.91668720000001,-11.579,6.025000,243,2026,-408916.569
18.459649427777777,-69.91668720000001,-11.579,6.033333,243,2026,-408885.053
18.459649427777777,-69.91668720000001,-11.5789,6.041667,243,2026,-408835.821
18.459649427777777,-69.91668720000001,-11.5789,6.050000,243,2026,-408803.314
18.459649427777777,-69.91668720000001,-11.5789,6.058333,243,2026,-408779.164
18.459649427777777,-69.91668720000001,-11.5789,6.066667,243,2026,-408757.596
18.459649427777777,-69.91668720000001,-11.5789,6.075000,243,2026,-408732.962
18.459649427777777,-69.91668720000001,-11.5789,6.083333,243,2026,-408731.422
18.459649427777777,-69.91668720000001,-11.5789,6.091667,243,2026,-408734.098
18.459649427777777,-69.91668720000001,-11.5789,6.100000,243,2026,-408739.966
18.459649427777777,-69.91668720000001,-11.5789,6.108333,243,2026,-408731.016
18.459649427777777,-69.91668720000001,-11.5789,6.116667,243,2026,-408730.615
18.459649427777777,-69.91668720000001,-11.5789,6.125000,243,2026,-408727.580
18.459649427777777,-69.91668720000001,-11.5789,6.133333,243,2026,-408711.900
18.459649427777777,-69.91668720000001,-11.579,6.141667,243,2026,-408690.805
18.459649427777777,-69.91668720000001,-11.579,6.150000,243,2026,-408684.291
18.459649427777777,-69.91668720000001,-11.579,6.158333,243,2026,-408675.308
18.459649427777777,-69.91668720000001,-11.5791,6.166667,243,2026,-408675.642
18.459649427777777,-69.91668720000001,-11.5791,6.175000,243,2026,-408677.564
18.459649427777777,-69.91668720000001,-11.5791,6.183333,243,2026,-408679.574
18.459649427777777,-69.91668720000001,-11.5791,6.191667,243,2026,-408660.775
18.459649427777777,-69.91668720000001,-11.5792,6.200000,243,2026,-408640.133
18.459649427777777,-69.91668720000001,-11.5792,6.208333,243,2026,-408627.658
18.459649427777777,-69.91668720000001,-11.5792,6.216667,243,2026,-408636.471
18.459649427777777,-69.91668720000001,-11.5792,6.225000,243,2026,-408645.906
18.459649427777777,-69.91668720000001,-11.5793,6.233333,243,2026,-408648.180
18.459649427777777,-69.91668720000001,-11.5793,6.241667,243,2026,-408641.789
18.459649427777777,-69.91668720000001,-11.5793,6.250000,243,2026,-408639.795
18.459649427777777,-69.91668720000001,-11.5793,6.258333,243,2026,-408646.198
18.459649427777777,-69.91668720000001,-11.5793,6.266667,243,2026,-408648.647
18.459649427777777,-69.91668720000001,-11.5793,6.275000,243,2026,-408649.775
18.459649427777777,-69.91668720000001,-11.5793,6.283333,243,2026,-408673.970
18.459649427777777,-69.91668720000001,-11.5794,6.291667,243,2026,-408703.967
18.459649427777777,-69.91668720000001,-11.5794,6.300000,243,2026,-408741.868
18.459649427777777,-69.91668720000001,-11.5794,6.308333,243,2026,-408771.324
18.459649427777777,-69.91668720000001,-11.5794,6.316667,243,2026,-408792.032
18.459649427777777,-69.91668720000001,-11.5794,6.325000,243,2026,-408812.375
18.459649427777777,-69.91668720000001,-11.5794,6.333333,243,2026,-408819.739
18.459649427777777,-69.91668720000001,-11.5794,6.341667,243,2026,-408819.880
18.459649425,-69.91668720000001,-11.5794,6.350000,243,2026,-408815.576
18.459649425,-69.91668720000001,-11.5793,6.358333,243,2026,-408818.619
18.459649425,-69.91668720000001,-11.5793,6.366667,243,2026,-408839.353
18.459649425,-69.91668720000001,-11.5793,6.375000,243,2026,-408829.426
18.459649425,-69.91668720000001,-11.5793,6.383333,243,2026,-408808.409
18.459649425,-69.91668720000001,-11.5794,6.391667,243,2026,-408816.674
18.459649425,-69.91668720000001,-11.5793,6.400000,243,2026,-408830.629
18.459649425,-69.91668720000001,-11.5793,6.408333,243,2026,-408839.565
18.459649425,-69.91668720000001,-11.5794,6.416667,243,2026,-408828.653
18.459649425,-69.91668720000001,-11.5794,6.425000,243,2026,-408834.568
18.459649425,-69.91668720000001,-11.5794,6.433333,243,2026,-408826.139
18.459649425,-69.91668720000001,-11.5795,6.441667,243,2026,-408820.396
18.459649425,-69.91668720000001,-11.5795,6.450000,243,2026,-408827.073
18.459649425,-69.91668720000001,-11.5796,6.458333,243,2026,-408844.146
18.459649425,-69.91668720000001,-11.5796,6.466667,243,2026,-408869.655
18.459649425,-69.91668720000001,-11.5796,6.475000,243,2026,-408873.638
18.459649425,-69.91668720277781,-11.5796,6.483333,243,2026,-408892.932
18.459649425,-69.91668720277781,-11.5796,6.491667,243,2026,-408904.236
18.459649425,-69.91668720277781,-11.5796,6.500000,243,2026,-408928.219
18.459649425,-69.91668720000001,-11.5796,6.508333,243,2026,-408940.912
18.459649425,-69.91668720000001,-11.5796,6.516667,243,2026,-408946.949
18.459649425,-69.91668720000001,-11.5796,6.525000,243,2026,-408950.773
18.459649425,-69.91668720000001,-11.5795,6.533333,243,2026,-408966.099
18.459649425,-69.91668720000001,-11.5795,6.541667,243,2026,-409007.726
18.459649425,-69.91668720277781,-11.5795,6.550000,243,2026,-409043.414
18.459649425,-69.91668720277781,-11.5795,6.558333,243,2026,-409069.870
18.459649425,-69.91668720277781,-11.5795,6.566667,243,2026,-409084.118
18.459649425,-69.91668720277781,-11.5795,6.575000,243,2026,-409090.185
18.459649425,-69.91668720277781,-11.5795,6.583333,243,2026,-409097.713
18.459649425,-69.91668720277781,-11.5795,6.591667,243,2026,-409111.072
18.459649425,-69.91668720277781,-11.5795,6.600000,243,2026,-409125.007
18.459649425,-69.91668720277781,-11.5795,6.608333,243,2026,-409129.155
18.459649425,-69.91668720277781,-11.5795,6.616667,243,2026,-409141.506
18.459649425,-69.91668720277781,-11.5795,6.625000,243,2026,-409157.185
18.459649425,-69.91668720277781,-11.5796,6.633333,243,2026,-409190.872
18.459649425,-69.91668720277781,-11.5796,6.641667,243,2026,-409224.987
18.459649425,-69.91668720277781,-11.5796,6.650000,243,2026,-409257.950
18.459649425,-69.91668720277781,-11.5796,6.658333,243,2026,-409284.013
18.459649425,-69.91668720555558,-11.5796,6.666667,243,2026,-409319.751
18.459649425,-69.91668720555558,-11.5796,6.675000,243,2026,-409349.791
18.459649425,-69.91668720277781,-11.5796,6.683333,243,2026,-409362.511
18.459649425,-69.91668720555558,-11.5796,6.691667,243,2026,-409376.233
18.459649425,-69.91668720555558,-11.5796,6.700000,243,2026,-409411.831
18.459649425,-69.91668720555558,-11.5796,6.708333,243,2026,-409463.113
18.459649425,-69.91668720555558,-11.5796,6.716667,243,2026,-409505.170
18.459649425,-69.91668720555558,-11.5796,6.725000,243,2026,-409524.859
18.459649425,-69.91668720555558,-11.5797,6.733333,243,2026,-409537.754
18.459649425,-69.91668720555558,-11.5797,6.741667,243,2026,-409539.753
18.459649425,-69.91668720555558,-11.5797,6.750000,243,2026,-409548.684
18.459649425,-69.91668720555558,-11.5797,6.758333,243,2026,-409562.245
18.459649425,-69.91668720555558,-11.5797,6.766667,243,2026,-409586.905
18.459649425,-69.91668720555558,-11.5797,6.775000,243,2026,-409608.718
18.459649425,-69.91668720555558,-11.5797,6.783333,243,2026,-409630.037
18.459649425,-69.91668720555558,-11.5797,6.791667,243,2026,-409653.498
18.459649425,-69.91668720555558,-11.5797,6.800000,243,2026,-409688.582
18.459649425,-69.91668720555558,-11.5797,6.808333,243,2026,-409718.401
18.459649425,-69.91668720555558,-11.5797,6.816667,243,2026,-409733.421
18.459649425,-69.91668720555558,-11.5797,6.825000,243,2026,-409750.473
18.459649425,-69.91668720555558,-11.5797,6.833333,243,2026,-409771.911
18.459649425,-69.91668720555558,-11.5797,6.841667,243,2026,-409799.796
18.459649425,-69.91668720555558,-11.5797,6.850000,243,2026,-409820.821
18.459649425,-69.91668720555558,-11.5797,6.858333,243,2026,-409830.219
18.459649425,-69.91668720555558,-11.5796,6.866667,243,2026,-409846.056
18.459649425,-69.91668720555558,-11.5796,6.875000,243,2026,-409866.084
18.459649425,-69.91668720555558,-11.5796,6.883333,243,2026,-409881.362
18.459649425,-69.91668720555558,-11.5796,6.891667,243,2026,-409910.561
18.459649425,-69.91668720555558,-11.5796,6.900000,243,2026,-409943.287
18.459649425,-69.91668720555558,-11.5796,6.908333,243,2026,-409985.652
18.459649425,-69.91668720555558,-11.5796,6.916667,243,2026,-410027.397
18.459649425,-69.91668720555558,-11.5796,6.925000,243,2026,-410060.500
18.459649425,-69.91668720555558,-11.5796,6.933333,243,2026,-410088.093
18.459649425,-69.91668720555558,-11.5796,6.941667,243,2026,-410116.646
18.459649425,-69.91668720555558,-11.5796,6.950000,243,2026,-410154.272
18.459649425,-69.91668720555558,-11.5796,6.958333,243,2026,-410201.520
18.459649425,-69.91668720555558,-11.5796,6.966667,243,2026,-410246.820
18.459649425,-69.91668720555558,-11.5796,6.975000,243,2026,-410286.449
18.459649425,-69.91668720555558,-11.5796,6.983333,243,2026,-410339.967
18.459649425,-69.91668720555558,-11.5796,6.991667,243,2026,-410394.782
18.459649425,-69.91668720555558,-11.5796,7.000000,243,2026,-410445.189
18.459649425,-69.91668720833336,-11.5796,7.008333,243,2026,-410491.155
18.459649425,-69.91668720833336,-11.5796,7.016667,243,2026,-410545.702
18.459649425,-69.91668720833336,-11.5796,7.025000,243,2026,-410591.816
18.459649425,-69.91668720833336,-11.5796,7.033333,243,2026,-410635.514
18.459649425,-69.91668720833336,-11.5796,7.041667,243,2026,-410675.385
18.459649425,-69.91668720833336,-11.5796,7.050000,243,2026,-410739.046
18.459649425,-69.91668720833336,-11.5797,7.058333,243,2026,-410816.731
18.459649425,-69.91668720833336,-11.5797,7.066667,243,2026,-410882.984
18.459649425,-69.91668720833336,-11.5797,7.075000,243,2026,-410936.150
18.459649425,-69.91668720833336,-11.5797,7.083333,243,2026,-410993.198
18.459649425,-69.91668720833336,-11.5797,7.091667,243,2026,-411052.047
18.459649425,-69.91668720833336,-11.5797,7.100000,243,2026,-411122.895
18.459649425,-69.91668720833336,-11.5797,7.108333,243,2026,-411186.031
18.459649425,-69.91668720833336,-11.5797,7.116667,243,2026,-411237.366
18.459649425,-69.91668720833336,-11.5797,7.125000,243,2026,-411296.279
18.459649425,-69.91668720833336,-11.5797,7.133333,243,2026,-411358.664
18.459649425,-69.91668720833336,-11.5797,7.141667,243,2026,-411408.433
18.459649425,-69.91668720833336,-11.5797,7.150000,243,2026,-411456.220
18.459649425,-69.91668720833336,-11.5797,7.158333,243,2026,-411508.776
18.459649425,-69.91668721111112,-11.5796,7.166667,243,2026,-411558.713
18.459649425,-69.91668721111112,-11.5797,7.175000,243,2026,-411625.701
18.459649425,-69.91668721111112,-11.5797,7.183333,243,2026,-411685.787
18.459649425,-69.91668721111112,-11.5797,7.191667,243,2026,-411738.213
18.459649425,-69.91668721111112,-11.5797,7.200000,243,2026,-411790.370
18.459649425,-69.91668721111112,-11.5797,7.208333,243,2026,-411838.260
18.459649425,-69.91668721111112,-11.5797,7.216667,243,2026,-411888.094
18.459649425,-69.91668721111112,-11.5797,7.225000,243,2026,-411941.551
18.459649425,-69.91668721111112,-11.5797,7.233333,243,2026,-412004.674
18.459649425,-69.91668721111112,-11.5797,7.241667,243,2026,-412067.654
18.459649425,-69.91668721111112,-11.5797,7.250000,243,2026,-412128.023
18.459649425,-69.91668721111112,-11.5797,7.258333,243,2026,-412164.476
18.459649425,-69.91668721111112,-11.5797,7.266667,243,2026,-412171.625
18.459649425,-69.91668721111112,-11.5797,7.275000,243,2026,-412185.417
18.459649425,-69.91668721111112,-11.5797,7.283333,243,2026,-412209.334
18.459649425,-69.91668721111112,-11.5797,7.291667,243,2026,-412218.090
18.459649425,-69.91668721111112,-11.5797,7.300000,243,2026,-412217.193
18.459649425,-69.91668721111112,-11.5797,7.308333,243,2026,-412214.045
18.459649425,-69.91668721111112,-11.5797,7.316667,243,2026,-412211.146
18.459649425,-69.91668721111112,-11.5797,7.325000,243,2026,-412208.889
18.459649425,-69.91668721111112,-11.5797,7.333333,243,2026,-412208.060
18.459649425,-69.91668720833336,-11.5797,7.341667,243,2026,-412200.065
18.459649425,-69.91668720833336,-11.5797,7.350000,243,2026,-412237.160
18.459649425,-69.91668720833336,-11.5797,7.358333,243,2026,-412271.776
18.459649425,-69.91668720833336,-11.5797,7.366667,243,2026,-412299.097
18.459649425,-69.91668720833336,-11.5797,7.375000,243,2026,-412350.469
18.459649425,-69.91668720833336,-11.5797,7.383333,243,2026,-412392.405
18.459649425,-69.91668721111112,-11.5797,7.391667,243,2026,-412429.472
18.459649425,-69.91668721111112,-11.5797,7.400000,243,2026,-412469.533
18.45964942222222,-69.91668721111112,-11.5798,7.408333,243,2026,-412493.119
18.45964942222222,-69.91668721111112,-11.5798,7.416667,243,2026,-412503.566
18.45964942222222,-69.91668721111112,-11.5798,7.425000,243,2026,-412514.544
18.45964942222222,-69.91668721111112,-11.5798,7.433333,243,2026,-412536.267
18.45964942222222,-69.91668721111112,-11.5798,7.441667,243,2026,-412555.557
18.459649425,-69.91668721111112,-11.5798,7.450000,243,2026,-412568.802
18.45964942222222,-69.91668721111112,-11.5799,7.458333,243,2026,-412580.736
18.45964942222222,-69.91668721111112,-11.5799,7.466667,243,2026,-412583.012
18.45964942222222,-69.91668721111112,-11.5799,7.475000,243,2026,-412596.773
18.45964942222222,-69.91668721111112,-11.5799,7.483333,243,2026,-412612.811
18.45964942222222,-69.91668721111112,-11.5799,7.491667,243,2026,-412648.731
18.45964942222222,-69.91668721111112,-11.5799,7.500000,243,2026,-412684.711
18.45964942222222,-69.91668721111112,-11.5799,7.508333,243,2026,-412717.747
18.45964942222222,-69.91668721111112,-11.5799,7.516667,243,2026,-412759.063
18.45964942222222,-69.91668721111112,-11.5799,7.525000,243,2026,-412795.186
18.45964942222222,-69.91668721111112,-11.5799,7.533333,243,2026,-412808.382
18.45964942222222,-69.91668721111112,-11.5799,7.541667,243,2026,-412807.883
18.45964942222222,-69.91668721111112,-11.5799,7.550000,243,2026,-412824.926
18.45964942222222,-69.91668721111112,-11.5799,7.558333,243,2026,-412845.759
18.45964942222222,-69.91668721111112,-11.5799,7.566667,243,2026,-412837.299
18.45964942222222,-69.91668721111112,-11.58,7.575000,243,2026,-412852.069
18.45964942222222,-69.91668721388889,-11.58,7.583333,243,2026,-412882.263
18.45964942222222,-69.91668721388889,-11.58,7.591667,243,2026,-412920.554
18.45964942222222,-69.91668721388889,-11.58,7.600000,243,2026,-412968.933
18.45964942222222,-69.91668721388889,-11.58,7.608333,243,2026,-413020.295
18.45964942222222,-69.91668721388889,-11.58,7.616667,243,2026,-413070.848
18.45964942222222,-69.91668721388889,-11.5801,7.625000,243,2026,-413113.196
18.45964942222222,-69.91668721388889,-11.5801,7.633333,243,2026,-413138.753
18.45964942222222,-69.91668721388889,-11.5801,7.641667,243,2026,-413168.055
18.45964942222222,-69.91668721388889,-11.5801,7.650000,243,2026,-413182.838
18.45964942222222,-69.91668721388889,-11.5801,7.658333,243,2026,-413195.793
18.45964942222222,-69.91668721388889,-11.58,7.666667,243,2026,-413209.645
18.45964942222222,-69.91668721388889,-11.58,7.675000,243,2026,-413241.143
18.45964942222222,-69.91668721388889,-11.58,7.683333,243,2026,-413290.914
18.45964942222222,-69.91668721388889,-11.58,7.691667,243,2026,-413350.634
18.45964942222222,-69.91668721388889,-11.58,7.700000,243,2026,-413414.077
18.459649425,-69.91668721388889,-11.58,7.708333,243,2026,-413391.740
18.459649425,-69.91668721388889,-11.5799,7.716667,243,2026,-413358.898
18.459649425,-69.91668721388889,-11.5799,7.725000,243,2026,-413304.110
18.459649425,-69.91668721388889,-11.5799,7.733333,243,2026,-413241.400
18.459649425,-69.91668721388889,-11.5799,7.741667,243,2026,-413158.327
18.459649425,-69.91668721388889,-11.5799,7.750000,243,2026,-413097.869
18.459649425,-69.91668721388889,-11.5799,7.758333,243,2026,-413046.312
18.459649425,-69.91668721388889,-11.5799,7.766667,243,2026,-412994.977
18.459649425,-69.91668721388889,-11.5799,7.775000,243,2026,-412924.788
18.459649425,-69.91668721388889,-11.5799,7.783333,243,2026,-412836.195
18.459649425,-69.91668721388889,-11.5799,7.791667,243,2026,-412757.834
18.459649425,-69.91668721388889,-11.5799,7.800000,243,2026,-412677.173
18.459649425,-69.91668721388889,-11.58,7.808333,243,2026,-412607.859
18.459649425,-69.91668721388889,-11.58,7.816667,243,2026,-412532.320
18.459649425,-69.91668721388889,-11.58,7.825000,243,2026,-412480.174
18.459649425,-69.91668721388889,-11.58,7.833333,243,2026,-412443.150
18.459649425,-69.91668721388889,-11.58,7.841667,243,2026,-412395.365
18.459649425,-69.91668721388889,-11.58,7.850000,243,2026,-412329.159
18.45964942222222,-69.91668721666667,-11.58,7.858333,243,2026,-412264.863
18.45964942222222,-69.91668721666667,-11.58,7.866667,243,2026,-412221.763
18.45964942222222,-69.91668721666667,-11.5801,7.875000,243,2026,-412179.766
18.45964942222222,-69.91668721666667,-11.5801,7.883333,243,2026,-412126.440
18.45964942222222,-69.91668721666667,-11.5801,7.891667,243,2026,-412064.694
18.45964942222222,-69.91668721666667,-11.5801,7.900000,243,2026,-412003.489
18.45964942222222,-69.91668721666667,-11.5801,7.908333,243,2026,-411946.346
18.45964942222222,-69.91668721666667,-11.5801,7.916667,243,2026,-411886.851
18.45964942222222,-69.91668721666667,-11.5802,7.925000,243,2026,-411823.219
18.45964942222222,-69.91668721666667,-11.5802,7.933333,243,2026,-411776.325
18.45964942222222,-69.91668721666667,-11.5802,7.941667,243,2026,-411715.581
18.45964942222222,-69.91668721666667,-11.5802,7.950000,243,2026,-411651.446
18.45964942222222,-69.91668721666667,-11.5802,7.958333,243,2026,-411580.458
18.45964942222222,-69.91668721666667,-11.5802,7.966667,243,2026,-411505.596
18.45964942222222,-69.91668721666667,-11.5802,7.975000,243,2026,-411450.862
18.45964942222222,-69.91668721666667,-11.5802,7.983333,243,2026,-411382.330
18.45964942222222,-69.91668721666667,-11.5802,7.991667,243,2026,-411298.586
18.45964942222222,-69.91668721666667,-11.5803,8.000000,243,2026,-411216.407
18.45964942222222,-69.91668721666667,-11.5803,8.008333,243,2026,-411144.904
18.45964942222222,-69.91668721666667,-11.5803,8.016667,243,2026,-411072.870
18.45964942222222,-69.91668721666667,-11.5803,8.025000,243,2026,-411009.847
18.45964942222222,-69.91668721666667,-11.5803,8.033333,243,2026,-410929.057
18.45964942222222,-69.91668721666667,-11.5803,8.041667,243,2026,-410854.233
18.45964942222222,-69.91668721944446,-11.5803,8.050000,243,2026,-410774.214
18.45964942222222,-69.91668721944446,-11.5803,8.058333,243,2026,-410695.564
18.45964942222222,-69.91668721944446,-11.5804,8.066667,243,2026,-410633.070
18.45964942222222,-69.91668721944446,-11.5804,8.075000,243,2026,-410559.488
18.45964942222222,-69.91668721944446,-11.5804,8.083333,243,2026,-410489.718
18.45964942222222,-69.91668721944446,-11.5804,8.091667,243,2026,-410447.426
18.45964942222222,-69.91668721944446,-11.5804,8.100000,243,2026,-410420.658
18.45964942222222,-69.91668721944446,-11.5804,8.108333,243,2026,-410381.009
18.45964942222222,-69.91668721944446,-11.5804,8.116667,243,2026,-410344.048
18.45964942222222,-69.91668721944446,-11.5805,8.125000,243,2026,-410296.567
18.45964942222222,-69.91668721666667,-11.5805,8.133333,243,2026,-410229.672
18.45964942222222,-69.91668721666667,-11.5805,8.141667,243,2026,-410167.224
18.45964942222222,-69.91668721666667,-11.5805,8.150000,243,2026,-410109.248
18.45964942222222,-69.91668721666667,-11.5805,8.158333,243,2026,-410046.968
18.45964942222222,-69.91668721666667,-11.5805,8.166667,243,2026,-409974.869
18.45964942222222,-69.91668721666667,-11.5805,8.175000,243,2026,-409889.996
18.45964942222222,-69.91668721666667,-11.5805,8.183333,243,2026,-409812.630
18.45964942222222,-69.91668721666667,-11.5805,8.191667,243,2026,-409733.181
18.45964942222222,-69.91668721666667,-11.5805,8.200000,243,2026,-409660.801
18.45964942222222,-69.91668721666667,-11.5805,8.208333,243,2026,-409581.664
18.45964942222222,-69.91668721666667,-11.5805,8.216667,243,2026,-409501.079
18.45964942222222,-69.91668721666667,-11.5805,8.225000,243,2026,-409413.922
18.45964942222222,-69.91668721666667,-11.5805,8.233333,243,2026,-409325.294
18.45964942222222,-69.91668721666667,-11.5805,8.241667,243,2026,-409246.977
18.45964942222222,-69.91668721666667,-11.5805,8.250000,243,2026,-409177.038
18.45964942222222,-69.91668721666667,-11.5805,8.258333,243,2026,-409107.401
18.45964942222222,-69.91668721666667,-11.5805,8.266667,243,2026,-409030.964
18.45964942222222,-69.91668721666667,-11.5805,8.275000,243,2026,-408945.919
18.45964942222222,-69.91668721666667,-11.5805,8.283333,243,2026,-408865.095
18.45964942222222,-69.91668721666667,-11.5805,8.291667,243,2026,-408771.729
18.45964942222222,-69.91668721666667,-11.5805,8.300000,243,2026,-408709.435
18.45964942222222,-69.91668721944446,-11.5806,8.308333,243,2026,-408712.152
18.45964942222222,-69.91668721944446,-11.5806,8.316667,243,2026,-408711.495
18.45964942222222,-69.91668721944446,-11.5806,8.325000,243,2026,-408723.322
18.45964942222222,-69.91668721944446,-11.5806,8.333333,243,2026,-408733.645
18.45964942222222,-69.91668721944446,-11.5807,8.341667,243,2026,-408751.834
18.45964942222222,-69.91668721944446,-11.5807,8.350000,243,2026,-408778.533
18.45964942222222,-69.91668721944446,-11.5807,8.358333,243,2026,-408816.103
18.45964942222222,-69.91668721944446,-11.5807,8.366667,243,2026,-408861.093
18.45964942222222,-69.91668721944446,-11.5807,8.375000,243,2026,-408941.365
18.45964942222222,-69.91668721944446,-11.5808,8.383333,243,2026,-409017.478
18.45964942222222,-69.91668721944446,-11.5808,8.391667,243,2026,-409091.377
18.45964942222222,-69.91668721944446,-11.5808,8.400000,243,2026,-409153.430
18.45964942222222,-69.91668721944446,-11.5808,8.408333,243,2026,-409228.275
18.45964942222222,-69.91668721944446,-11.5808,8.416667,243,2026,-409292.450
18.45964942222222,-69.91668721944446,-11.5808,8.425000,243,2026,-409351.794
18.45964942222222,-69.91668721944446,-11.5808,8.433333,243,2026,-409423.600
18.45964942222222,-69.91668721944446,-11.5808,8.441667,243,2026,-409478.611
18.45964942222222,-69.91668721944446,-11.5809,8.450000,243,2026,-409531.573
18.45964942222222,-69.91668721944446,-11.5809,8.458333,243,2026,-409595.485
18.45964942222222,-69.91668721944446,-11.5809,8.466667,243,2026,-409648.173
18.45964942222222,-69.91668721944446,-11.581,8.475000,243,2026,-409694.880
18.45964942222222,-69.91668721944446,-11.581,8.483333,243,2026,-409756.925
18.45964942222222,-69.91668721944446,-11.581,8.491667,243,2026,-409826.990
18.45964942222222,-69.91668721944446,-11.581,8.500000,243,2026,-409903.968
18.45964942222222,-69.91668721944446,-11.581,8.508333,243,2026,-409978.925
18.45964942222222,-69.91668721944446,-11.581,8.516667,243,2026,-410069.226
18.45964942222222,-69.91668721944446,-11.5811,8.525000,243,2026,-410145.166
18.45964942222222,-69.91668721944446,-11.5811,8.533333,243,2026,-410208.829
18.45964942222222,-69.91668721944446,-11.5812,8.541667,243,2026,-410288.444
18.45964942222222,-69.91668721944446,-11.5812,8.550000,243,2026,-410309.845
18.45964942222222,-69.91668721944446,-11.5812,8.558333,243,2026,-410318.504
18.45964942222222,-69.91668721944446,-11.5812,8.566667,243,2026,-410324.856
18.45964942222222,-69.91668721944446,-11.5812,8.575000,243,2026,-410340.324
18.45964942222222,-69.91668721944446,-11.5813,8.583333,243,2026,-410360.663
18.45964942222222,-69.91668721944446,-11.5813,8.591667,243,2026,-410381.942
18.45964942222222,-69.91668721944446,-11.5813,8.600000,243,2026,-410386.144
18.45964942222222,-69.91668721944446,-11.5813,8.608333,243,2026,-410384.216
18.45964942222222,-69.91668721944446,-11.5813,8.616667,243,2026,-410397.263
18.45964942222222,-69.91668721944446,-11.5813,8.625000,243,2026,-410412.131
18.45964942222222,-69.91668721944446,-11.5813,8.633333,243,2026,-410408.185
18.45964942222222,-69.91668721944446,-11.5812,8.641667,243,2026,-410407.234
18.45964942222222,-69.91668721944446,-11.5813,8.650000,243,2026,-410399.854
18.45964942222222,-69.91668721944446,-11.5812,8.658333,243,2026,-410383.203
18.45964942222222,-69.91668721944446,-11.5812,8.666667,243,2026,-410364.160
18.45964942222222,-69.91668721944446,-11.5812,8.675000,243,2026,-410358.059
18.45964942222222,-69.91668721944446,-11.5811,8.683333,243,2026,-410352.309
18.45964942222222,-69.91668721944446,-11.5812,8.691667,243,2026,-410358.569
18.45964942222222,-69.91668721944446,-11.5812,8.700000,243,2026,-410352.474
18.45964942222222,-69.91668721944446,-11.5812,8.708333,243,2026,-410346.255
18.45964942222222,-69.91668721944446,-11.5812,8.716667,243,2026,-410339.047
18.45964942222222,-69.91668721944446,-11.5812,8.725000,243,2026,-410333.449
18.45964942222222,-69.91668721944446,-11.5812,8.733333,243,2026,-410320.076
18.45964942222222,-69.91668721944446,-11.5812,8.741667,243,2026,-410310.548
18.45964942222222,-69.91668721944446,-11.5812,8.750000,243,2026,-410312.291
18.45964942222222,-69.91668721944446,-11.5812,8.758333,243,2026,-410322.280
18.45964942222222,-69.91668721944446,-11.5812,8.766667,243,2026,-410339.092
18.45964942222222,-69.91668721944446,-11.5812,8.775000,243,2026,-410371.342
18.45964942222222,-69.91668721944446,-11.5812,8.783333,243,2026,-410406.733
18.45964942222222,-69.91668721944446,-11.5812,8.791667,243,2026,-410448.039
18.45964942222222,-69.91668721944446,-11.5812,8.800000,243,2026,-410494.371
18.45964942222222,-69.91668721944446,-11.5812,8.808333,243,2026,-410535.873
18.45964942222222,-69.91668721944446,-11.5813,8.816667,243,2026,-410578.717
18.45964942222222,-69.91668721944446,-11.5813,8.825000,243,2026,-410637.255
18.45964942222222,-69.91668721944446,-11.5813,8.833333,243,2026,-410685.055
18.45964942222222,-69.91668721944446,-11.5813,8.841667,243,2026,-410723.589
18.45964942222222,-69.91668721944446,-11.5813,8.850000,243,2026,-410764.322
18.45964942222222,-69.91668721944446,-11.5813,8.858333,243,2026,-410801.473
18.45964942222222,-69.91668721944446,-11.5813,8.866667,243,2026,-410856.301
18.45964942222222,-69.91668721944446,-11.5813,8.875000,243,2026,-410931.822
18.45964942222222,-69.91668721944446,-11.5813,8.883333,243,2026,-410989.873
18.45964942222222,-69.91668721944446,-11.5814,8.891667,243,2026,-410997.966
18.45964942222222,-69.91668721944446,-11.5814,8.900000,243,2026,-410981.629
18.45964942222222,-69.91668721944446,-11.5814,8.908333,243,2026,-410994.233
18.45964942222222,-69.91668721944446,-11.5814,8.916667,243,2026,-411001.561
18.45964942222222,-69.91668721944446,-11.5814,8.925000,243,2026,-410991.971
18.45964942222222,-69.91668721944446,-11.5814,8.933333,243,2026,-410997.895
18.45964942222222,-69.91668721944446,-11.5813,8.941667,243,2026,-411022.921
18.45964942222222,-69.91668721944446,-11.5813,8.950000,243,2026,-411033.566
18.45964942222222,-69.91668721944446,-11.5813,8.958333,243,2026,-411027.789
18.45964942222222,-69.91668722222222,-11.5813,8.966667,243,2026,-411012.408
18.45964942222222,-69.91668722222222,-11.5813,8.975000,243,2026,-410995.576
18.45964942222222,-69.91668722222222,-11.5813,8.983333,243,2026,-410986.653
18.45964942222222,-69.91668722222222,-11.5813,8.991667,243,2026,-410970.430
18.45964942222222,-69.91668722222222,-11.5813,9.000000,243,2026,-410962.804
18.45964942222222,-69.91668722222222,-11.5813,9.008333,243,2026,-410941.392
18.45964942222222,-69.91668722222222,-11.5813,9.016667,243,2026,-410911.793
18.45964942222222,-69.91668722222222,-11.5813,9.025000,243,2026,-410885.013
18.45964942222222,-69.91668721944446,-11.5813,9.033333,243,2026,-410853.505
18.45964942222222,-69.91668721944446,-11.5813,9.041667,243,2026,-410812.295
18.45964942222222,-69.91668721944446,-11.5813,9.050000,243,2026,-410750.598
18.45964942222222,-69.91668721944446,-11.5813,9.058333,243,2026,-410681.258
18.45964942222222,-69.91668721944446,-11.5813,9.066667,243,2026,-410620.056
18.45964942222222,-69.91668721944446,-11.5813,9.075000,243,2026,-410580.915
18.45964942222222,-69.91668721944446,-11.5813,9.083333,243,2026,-410538.106
18.45964942222222,-69.91668721944446,-11.5813,9.091667,243,2026,-410495.969
18.45964942222222,-69.91668721944446,-11.5813,9.100000,243,2026,-410449.373
18.45964942222222,-69.91668721944446,-11.5813,9.108333,243,2026,-410394.421
18.45964942222222,-69.91668721944446,-11.5814,9.116667,243,2026,-410340.833
18.45964942222222,-69.91668721944446,-11.5814,9.125000,243,2026,-410289.888
18.45964942222222,-69.91668721944446,-11.5814,9.133333,243,2026,-410245.049
18.45964942222222,-69.91668722222222,-11.5814,9.141667,243,2026,-410183.366
18.45964942222222,-69.91668722222222,-11.5815,9.150000,243,2026,-410137.850
18.45964942222222,-69.91668722222222,-11.5815,9.158333,243,2026,-410095.784
18.45964942222222,-69.91668722222222,-11.5815,9.166667,243,2026,-410063.852
18.45964942222222,-69.91668722222222,-11.5815,9.175000,243,2026,-410031.924
18.45964942222222,-69.91668722222222,-11.5816,9.183333,243,2026,-409997.373
18.45964942222222,-69.91668722222222,-11.5816,9.191667,243,2026,-409961.414
18.45964942222222,-69.91668722222222,-11.5816,9.200000,243,2026,-409921.411
18.45964942222222,-69.91668722222222,-11.5816,9.208333,243,2026,-409877.182
18.45964942222222,-69.91668722222222,-11.5816,9.216667,243,2026,-409831.385
18.45964942222222,-69.91668722222222,-11.5816,9.225000,243,2026,-409774.599
18.45964942222222,-69.91668722222222,-11.5816,9.233333,243,2026,-409708.492
18.45964942222222,-69.91668722222222,-11.5817,9.241667,243,2026,-409631.605
18.45964942222222,-69.91668722222222,-11.5817,9.250000,243,2026,-409567.169
18.45964942222222,-69.91668722222222,-11.5817,9.258333,243,2026,-409501.093
18.45964942222222,-69.91668722222222,-11.5817,9.266667,243,2026,-409415.432
18.45964942222222,-69.91668722222222,-11.5817,9.275000,243,2026,-409334.844
18.45964942222222,-69.91668722222222,-11.5817,9.283333,243,2026,-409242.052
18.45964942222222,-69.91668722222222,-11.5817,9.291667,243,2026,-409177.607
18.45964942222222,-69.91668721944446,-11.5817,9.300000,243,2026,-409132.811
18.45964942222222,-69.91668721944446,-11.5817,9.308333,243,2026,-409076.393
18.45964942222222,-69.91668721944446,-11.5817,9.316667,243,2026,-409012.295
18.45964942222222,-69.91668721944446,-11.5817,9.325000,243,2026,-408958.851
18.45964942222222,-69.91668721944446,-11.5817,9.333333,243,2026,-408906.005
18.45964942222222,-69.91668721944446,-11.5817,9.341667,243,2026,-408855.344
18.45964942222222,-69.91668721944446,-11.5817,9.350000,243,2026,-408805.863
18.45964942222222,-69.91668721944446,-11.5817,9.358333,243,2026,-408748.663
18.45964942222222,-69.91668721944446,-11.5817,9.366667,243,2026,-408711.081
18.45964942222222,-69.91668721944446,-11.5817,9.375000,243,2026,-408682.339
18.45964942222222,-69.91668721944446,-11.5816,9.383333,243,2026,-408649.606
18.45964942222222,-69.91668721944446,-11.5816,9.391667,243,2026,-408626.775
18.45964942222222,-69.91668721944446,-11.5817,9.400000,243,2026,-408619.806
18.45964942222222,-69.91668721944446,-11.5817,9.408333,243,2026,-408611.232
18.45964942222222,-69.91668721944446,-11.5817,9.416667,243,2026,-408575.759
18.45964942222222,-69.91668721944446,-11.5817,9.425000,243,2026,-408534.231
18.45964942222222,-69.91668721944446,-11.5817,9.433333,243,2026,-408495.730
18.45964942222222,-69.91668721944446,-11.5817,9.441667,243,2026,-408462.907
18.45964942222222,-69.91668721944446,-11.5817,9.450000,243,2026,-408417.926
18.45964942222222,-69.91668721944446,-11.5817,9.458333,243,2026,-408366.215
18.45964942222222,-69.91668721944446,-11.5817,9.466667,243,2026,-408328.373
18.45964942222222,-69.91668721666667,-11.5817,9.475000,243,2026,-408283.275
18.45964942222222,-69.91668721666667,-11.5817,9.483333,243,2026,-408233.833
18.45964942222222,-69.91668721666667,-11.5817,9.491667,243,2026,-408186.244
18.45964942222222,-69.91668721666667,-11.5817,9.500000,243,2026,-408132.745
18.45964942222222,-69.91668721666667,-11.5817,9.508333,243,2026,-408079.334
18.45964942222222,-69.91668721944446,-11.5817,9.516667,243,2026,-408013.382
18.45964942222222,-69.91668721944446,-11.5817,9.525000,243,2026,-407942.335
18.45964942222222,-69.91668721666667,-11.5817,9.533333,243,2026,-407868.993
18.45964942222222,-69.91668721666667,-11.5817,9.541667,243,2026,-407786.141
18.45964942222222,-69.91668721666667,-11.5817,9.550000,243,2026,-407713.993
18.45964942222222,-69.91668721666667,-11.5817,9.558333,243,2026,-407681.989
18.45964942222222,-69.91668721666667,-11.5816,9.566667,243,2026,-407654.606
18.45964942222222,-69.91668721666667,-11.5816,9.575000,243,2026,-407608.210
18.45964942222222,-69.91668721666667,-11.5816,9.583333,243,2026,-407572.234
18.45964942222222,-69.91668721666667,-11.5816,9.591667,243,2026,-407551.996
18.45964942222222,-69.91668721666667,-11.5816,9.600000,243,2026,-407541.615
18.45964942222222,-69.91668721666667,-11.5816,9.608333,243,2026,-407542.842
18.45964942222222,-69.91668721666667,-11.5816,9.616667,243,2026,-407524.342
18.45964942222222,-69.91668721666667,-11.5816,9.625000,243,2026,-407493.013
18.45964942222222,-69.91668721666667,-11.5816,9.633333,243,2026,-407475.434
18.45964942222222,-69.91668721666667,-11.5817,9.641667,243,2026,-407481.784
18.45964942222222,-69.91668721666667,-11.5817,9.650000,243,2026,-407499.364
18.45964942222222,-69.91668721666667,-11.5817,9.658333,243,2026,-407518.517
18.45964942222222,-69.91668721666667,-11.5817,9.666667,243,2026,-407547.495
18.45964942222222,-69.91668721666667,-11.5817,9.675000,243,2026,-407579.423
18.45964942222222,-69.91668721666667,-11.5817,9.683333,243,2026,-407620.915
18.45964942222222,-69.91668721666667,-11.5817,9.691667,243,2026,-407653.213
18.45964942222222,-69.91668721666667,-11.5817,9.700000,243,2026,-407700.818
18.45964942222222,-69.91668721666667,-11.5817,9.708333,243,2026,-407746.469
18.45964942222222,-69.91668721666667,-11.5817,9.716667,243,2026,-407796.203
18.45964942222222,-69.91668721666667,-11.5817,9.725000,243,2026,-407835.645
18.45964942222222,-69.91668721666667,-11.5817,9.733333,243,2026,-407873.725
18.45964942222222,-69.91668721666667,-11.5817,9.741667,243,2026,-407948.670
18.45964942222222,-69.91668721666667,-11.5817,9.750000,243,2026,-408014.367
18.45964942222222,-69.91668721666667,-11.5817,9.758333,243,2026,-408073.698
18.45964942222222,-69.91668721666667,-11.5817,9.766667,243,2026,-408139.812
18.45964942222222,-69.91668721666667,-11.5817,9.775000,243,2026,-408202.819
18.459649419444442,-69.91668721666667,-11.5818,9.783333,243,2026,-408266.448
18.459649419444442,-69.91668721666667,-11.5818,9.791667,243,2026,-408338.388
18.459649419444442,-69.91668721666667,-11.5818,9.800000,243,2026,-408415.675
18.459649419444442,-69.91668721666667,-11.5818,9.808333,243,2026,-408482.889
18.459649419444442,-69.91668721666667,-11.5818,9.816667,243,2026,-408541.302
18.459649419444442,-69.91668721666667,-11.5819,9.825000,243,2026,-408597.426
18.459649419444442,-69.91668721666667,-11.5819,9.833333,243,2026,-408657.689
18.459649419444442,-69.91668721666667,-11.5819,9.841667,243,2026,-408709.807
18.459649419444442,-69.91668721666667,-11.5819,9.850000,243,2026,-408756.370
18.459649419444442,-69.91668721944446,-11.5819,9.858333,243,2026,-408810.586
18.459649419444442,-69.91668721944446,-11.582,9.866667,243,2026,-408870.883
18.459649419444442,-69.91668721944446,-11.582,9.875000,243,2026,-408930.218
18.459649419444442,-69.91668721944446,-11.582,9.883333,243,2026,-408989.748
18.459649419444442,-69.91668721944446,-11.582,9.891667,243,2026,-409048.242
18.459649419444442,-69.91668721944446,-11.582,9.900000,243,2026,-409079.213
18.459649419444442,-69.91668721944446,-11.582,9.908333,243,2026,-409123.138
18.459649419444442,-69.91668721944446,-11.5821,9.916667,243,2026,-409170.014
18.459649419444442,-69.91668721944446,-11.5821,9.925000,243,2026,-409222.381
18.459649419444442,-69.91668721944446,-11.5821,9.933333,243,2026,-409260.793
18.459649419444442,-69.91668721944446,-11.5821,9.941667,243,2026,-409307.659
18.459649419444442,-69.91668721944446,-11.5821,9.950000,243,2026,-409348.711
18.459649419444442,-69.91668721944446,-11.5821,9.958333,243,2026,-409373.734
18.459649419444442,-69.91668721944446,-11.5821,9.966667,243,2026,-409395.878
18.459649419444442,-69.91668721944446,-11.5821,9.975000,243,2026,-409413.837
18.459649419444442,-69.91668721944446,-11.5822,9.983333,243,2026,-409413.000
18.459649419444442,-69.91668721944446,-11.5822,9.991667,243,2026,-409405.925
18.459649419444442,-69.91668721944446,-11.5822,10.000000,243,2026,-409407.578
18.459649419444442,-69.91668721944446,-11.5822,10.008333,243,2026,-409424.725
18.459649419444442,-69.91668721944446,-11.5822,10.016667,243,2026,-409442.400
18.459649419444442,-69.91668721944446,-11.5822,10.025000,243,2026,-409457.615
18.459649419444442,-69.91668721944446,-11.5822,10.033333,243,2026,-409471.113
18.459649419444442,-69.91668721944446,-11.5822,10.041667,243,2026,-409492.668
18.459649419444442,-69.91668721944446,-11.5822,10.050000,243,2026,-409512.742
18.459649419444442,-69.91668721944446,-11.5822,10.058333,243,2026,-409520.259
18.459649419444442,-69.91668721944446,-11.5822,10.066667,243,2026,-409526.320
18.459649419444442,-69.91668721944446,-11.5822,10.075000,243,2026,-409539.018
18.459649419444442,-69.91668721944446,-11.5821,10.083333,243,2026,-409543.137
18.459649419444442,-69.91668721944446,-11.5821,10.091667,243,2026,-409552.023
18.459649419444442,-69.91668721944446,-11.5821,10.100000,243,2026,-409569.531
18.459649419444442,-69.91668721944446,-11.5822,10.108333,243,2026,-409578.709
18.459649419444442,-69.91668721944446,-11.5822,10.116667,243,2026,-409589.431
18.459649419444442,-69.91668721944446,-11.5822,10.125000,243,2026,-409618.665
18.459649419444442,-69.91668721944446,-11.5822,10.133333,243,2026,-409640.893
18.459649419444442,-69.91668721944446,-11.5821,10.141667,243,2026,-409669.104
18.459649419444442,-69.91668721944446,-11.5821,10.150000,243,2026,-409705.670
18.459649419444442,-69.91668721944446,-11.5821,10.158333,243,2026,-409730.602
18.459649419444442,-69.91668721944446,-11.5821,10.166667,243,2026,-409774.642
18.459649419444442,-69.91668721944446,-11.5821,10.175000,243,2026,-409812.864
18.459649419444442,-69.91668721944446,-11.5821,10.183333,243,2026,-409871.966
18.459649419444442,-69.91668721944446,-11.5821,10.191667,243,2026,-409921.325
18.459649419444442,-69.91668721944446,-11.5821,10.200000,243,2026,-409969.994
18.459649419444442,-69.91668721944446,-11.5821,10.208333,243,2026,-410025.078
18.459649419444442,-69.91668721666667,-11.5821,10.216667,243,2026,-410074.559
18.459649419444442,-69.91668721666667,-11.5821,10.225000,243,2026,-410129.220
18.459649419444442,-69.91668721666667,-11.5821,10.233333,243,2026,-410170.686
18.459649419444442,-69.91668721666667,-11.5822,10.241667,243,2026,-410206.528
18.459649419444442,-69.91668721666667,-11.5822,10.250000,243,2026,-410252.360
18.459649419444442,-69.91668721666667,-11.5822,10.258333,243,2026,-410303.418
18.459649419444442,-69.91668721666667,-11.5822,10.266667,243,2026,-410366.832
18.459649419444442,-69.91668721666667,-11.5822,10.275000,243,2026,-410435.191
18.459649419444442,-69.91668721666667,-11.5822,10.283333,243,2026,-410514.391
18.459649419444442,-69.91668721666667,-11.5822,10.291667,243,2026,-410597.044
18.459649419444442,-69.91668721666667,-11.5822,10.300000,243,2026,-410683.966
18.459649419444442,-69.91668721666667,-11.5822,10.308333,243,2026,-410692.370
18.459649419444442,-69.91668721666667,-11.5822,10.316667,243,2026,-410695.964
18.459649419444442,-69.91668721666667,-11.5822,10.325000,243,2026,-410689.708
18.459649419444442,-69.91668721666667,-11.5823,10.333333,243,2026,-410695.101
18.459649419444442,-69.91668721666667,-11.5823,10.341667,243,2026,-410704.550
18.459649419444442,-69.91668721666667,-11.5823,10.350000,243,2026,-410698.994
18.459649419444442,-69.91668721666667,-11.5823,10.358333,243,2026,-410688.380
18.459649419444442,-69.91668721666667,-11.5823,10.366667,243,2026,-410688.405
18.459649419444442,-69.91668721666667,-11.5823,10.375000,243,2026,-410672.907
18.459649419444442,-69.91668721666667,-11.5823,10.383333,243,2026,-410655.194
18.459649419444442,-69.91668721666667,-11.5823,10.391667,243,2026,-410644.966
18.459649419444442,-69.91668721388889,-11.5823,10.400000,243,2026,-410626.316
18.459649419444442,-69.91668721388889,-11.5823,10.408333,243,2026,-410598.286
18.459649419444442,-69.91668721388889,-11.5823,10.416667,243,2026,-410581.568
18.459649419444442,-69.91668721388889,-11.5823,10.425000,243,2026,-410552.419
18.459649419444442,-69.91668721388889,-11.5823,10.433333,243,2026,-410511.348
18.459649419444442,-69.91668721388889,-11.5823,10.441667,243,2026,-410479.659
18.459649419444442,-69.91668721388889,-11.5823,10.450000,243,2026,-410456.846
18.459649419444442,-69.91668721388889,-11.5823,10.458333,243,2026,-410445.475
18.459649419444442,-69.91668721388889,-11.5823,10.466667,243,2026,-410422.479
18.459649419444442,-69.91668721388889,-11.5823,10.475000,243,2026,-410391.458
18.459649419444442,-69.91668721388889,-11.5823,10.483333,243,2026,-410376.157
18.459649419444442,-69.91668721388889,-11.5823,10.491667,243,2026,-410369.588
18.459649419444442,-69.91668721388889,-11.5823,10.500000,243,2026,-410373.264
18.459649419444442,-69.91668721388889,-11.5823,10.508333,243,2026,-410373.955
18.459649419444442,-69.91668721388889,-11.5822,10.516667,243,2026,-410384.997
18.459649419444442,-69.91668721388889,-11.5822,10.525000,243,2026,-410398.154
18.459649419444442,-69.91668721388889,-11.5822,10.533333,243,2026,-410420.755
18.459649419444442,-69.91668721388889,-11.5822,10.541667,243,2026,-410428.399
18.459649419444442,-69.91668721388889,-11.5822,10.550000,243,2026,-410425.725
18.459649419444442,-69.91668721388889,-11.5822,10.558333,243,2026,-410420.310
18.459649419444442,-69.91668721388889,-11.5822,10.566667,243,2026,-410414.508
18.459649419444442,-69.91668721388889,-11.5821,10.575000,243,2026,-410407.427
18.459649419444442,-69.91668721388889,-11.5821,10.583333,243,2026,-410390.211
18.459649419444442,-69.91668721388889,-11.5821,10.591667,243,2026,-410373.563
18.459649419444442,-69.91668721388889,-11.5821,10.600000,243,2026,-410366.924
18.459649419444442,-69.91668721388889,-11.5821,10.608333,243,2026,-410349.054
18.459649419444442,-69.91668721388889,-11.5821,10.616667,243,2026,-410323.624
18.459649419444442,-69.91668721388889,-11.5821,10.625000,243,2026,-410282.291
18.459649419444442,-69.91668721388889,-11.5821,10.633333,243,2026,-410244.962
18.459649419444442,-69.91668721388889,-11.5821,10.641667,243,2026,-410201.879
18.459649419444442,-69.91668721388889,-11.5821,10.650000,243,2026,-410152.843
18.459649419444442,-69.91668721388889,-11.5821,10.658333,243,2026,-410116.311
18.459649419444442,-69.91668721388889,-11.5821,10.666667,243,2026,-410087.335
18.459649419444442,-69.91668721388889,-11.5821,10.675000,243,2026,-410050.541
18.459649419444442,-69.91668721388889,-11.5821,10.683333,243,2026,-410030.126
18.459649419444442,-69.91668721388889,-11.5821,10.691667,243,2026,-410021.445
18.459649419444442,-69.91668721388889,-11.582,10.700000,243,2026,-410019.268
18.459649419444442,-69.91668721388889,-11.582,10.708333,243,2026,-410007.258
18.459649419444442,-69.91668721388889,-11.582,10.716667,243,2026,-409987.474
18.459649419444442,-69.91668721388889,-11.582,10.725000,243,2026,-409971.166
18.459649419444442,-69.91668721388889,-11.582,10.733333,243,2026,-409936.494
18.459649419444442,-69.91668721388889,-11.582,10.741667,243,2026,-409915.979
18.459649419444442,-69.91668721388889,-11.582,10.750000,243,2026,-409893.143
18.459649419444442,-69.91668721388889,-11.582,10.758333,243,2026,-409852.618
18.459649419444442,-69.91668721388889,-11.582,10.766667,243,2026,-409810.701
18.459649419444442,-69.91668721388889,-11.582,10.775000,243,2026,-409763.407
18.459649419444442,-69.91668721388889,-11.582,10.783333,243,2026,-409723.816
18.459649419444442,-69.91668721388889,-11.582,10.791667,243,2026,-409701.713
18.459649419444442,-69.91668721388889,-11.5819,10.800000,243,2026,-409665.484
18.459649419444442,-69.91668721388889,-11.5819,10.808333,243,2026,-409617.512
18.459649419444442,-69.91668721388889,-11.5819,10.816667,243,2026,-409570.713
18.459649419444442,-69.91668721388889,-11.5819,10.825000,243,2026,-409526.015
18.45964941666666,-69.91668721388889,-11.5819,10.833333,243,2026,-409493.795
18.45964941666666,-69.91668721388889,-11.5819,10.841667,243,2026,-409452.481
18.45964941666666,-69.91668721388889,-11.5819,10.850000,243,2026,-409387.615
18.45964941666666,-69.91668721388889,-11.5819,10.858333,243,2026,-409389.377
18.45964941666666,-69.91668721388889,-11.5819,10.866667,243,2026,-409439.115
18.45964941666666,-69.91668721388889,-11.5819,10.875000,243,2026,-409501.017
18.45964941666666,-69.91668721388889,-11.5819,10.883333,243,2026,-409492.981
18.45964941666666,-69.91668721388889,-11.5819,10.891667,243,2026,-409500.879
18.45964941666666,-69.91668721388889,-11.5819,10.900000,243,2026,-409506.646
18.45964941666666,-69.91668721388889,-11.5819,10.908333,243,2026,-409533.755
18.45964941666666,-69.91668721388889,-11.5819,10.916667,243,2026,-409516.134
18.45964941666666,-69.91668721388889,-11.5819,10.925000,243,2026,-409458.174
18.45964941666666,-69.91668721388889,-11.5819,10.933333,243,2026,-409487.520
18.45964941666666,-69.91668721388889,-11.5819,10.941667,243,2026,-409539.410
18.45964941666666,-69.91668721388889,-11.5819,10.950000,243,2026,-409618.163
18.45964941666666,-69.91668721666667,-11.5819,10.958333,243,2026,-409657.775
18.45964941666666,-69.91668721666667,-11.5819,10.966667,243,2026,-409648.303
18.45964941666666,-69.91668721666667,-11.5819,10.975000,243,2026,-409659.722
18.45964941666666,-69.91668721666667,-11.5819,10.983333,243,2026,-409664.367
18.45964941666666,-69.91668721666667,-11.582,10.991667,243,2026,-409686.518
18.45964941666666,-69.91668721666667,-11.582,11.000000,243,2026,-409703.015
18.45964941666666,-69.91668721388889,-11.582,11.008333,243,2026,-409710.725
18.45964941666666,-69.91668721666667,-11.582,11.016667,243,2026,-409714.977
18.45964941666666,-69.91668721666667,-11.582,11.025000,243,2026,-409736.439
18.45964941666666,-69.91668721666667,-11.582,11.033333,243,2026,-409761.309
18.45964941666666,-69.91668721666667,-11.582,11.041667,243,2026,-409774.607
18.45964941666666,-69.91668721666667,-11.582,11.050000,243,2026,-409767.283
18.45964941666666,-69.91668721666667,-11.5821,11.058333,243,2026,-409766.979
18.45964941666666,-69.91668721666667,-11.5821,11.066667,243,2026,-409765.382
18.45964941666666,-69.91668721666667,-11.5821,11.075000,243,2026,-409789.888
18.45964941666666,-69.91668721666667,-11.5821,11.083333,243,2026,-409835.610
18.45964941666666,-69.91668721666667,-11.5821,11.091667,243,2026,-409891.324
18.45964941666666,-69.91668722222222,-11.584,11.091667,243,2026,0.000
18.45964941666666,-69.91668722222222,-11.584,11.091667,243,2026,0.000
